make,make me a reminder,make me up,make me c**,make me a room,make me over,
make,I want to run in Co,I want to run in cups,I want to running Co,I want to run and Co,I want to run in Cup,I want to run in cold
make,give me a rum and coke,give me a Roman code,give me a run in Co,give me a run and Co,give me a Roman Co,give me a running Co
make,make me a gin and tonic,make me a channel,make me a chance,make me a genotype,make me a joke,
make,gin and tonic,wanted gin and tonic,I want to gin and tonic,I wanted gin and tonic,I want it gin and tonic,
make,give me a gin and tonic,give me a a gin and tonic,,,,
make,engine,consignment,Cogentin,Engine,Canton,
make,I like a gin and tonic,I'd like a gin and tonic,,,,
make,gin and tonic,gin and tonics,gin and tonic please,,,
make,gin and tonic,San Antonio,gin and tonics,,,
make,me a gin and tonic,imagine in time,Emagine Canton,imagine a time,imagine and time,Mia gin and time
make,image in tonic,Imogen tonic,images tonic,Imogen Thomas,imagens tonic,image in Titanic
make,on a gin and tonic,on a genotype,on a gin and tonics,on a tenant on,what a genotype,what a tenant on
make,10 times,10 in time,Canton,can a time,10 ton,
make,tonic,Sonic,atomic,sonic,Nick,Tennessee Sonic
make,gin and tonic,gin and tonics,San Antonio,Jenna time,genotype,jenna time
make,get me a rum and coke,get me a run in Coke,get me a rum and koke,get me around and Coke,get me a Roman Catholic,
make,make a rum and coke for me,make a rum and coke for mi,make a rum and coke army,make a rum and coke for me.,make a rum and coke or mi,make a rum and coke 4 mi
make,I'll try and run in Coke,I'll try and run in cups,I'll try and run in Co,I'll try and coke,I'll try coke,I'll try running Co
make,rum and coke,rum and koke,rum and Coca,Roman code,Roman Coke,remind Coke
make,White Russian,White Russians,white russian,,,
make,White Russian,10 White Russian,10 White Russians,Russian,White Russians,100 White Russian
make,make me a White Russian,,,,,
make,White Russian,cycle White Russian,White Russians,Russian,Michael White Russians,ankle White Russian
make,I'm going to try a White Russian,I'm going to try and white russian,I'm going to try and White Russians,I'm going to try White Russians,I'm going to try and white Russia,how to train a White Russian
make,Russian,directions,Russians,russian,rushing,
make,White Russian,White Russians,white russian,Russian,white Russian,why Russian
make,White Russian,White Russians,white russian,what Russia,Russian,white Russia
make,give me MP skull,give me a piece called,give me MP school,give me a piece of coal,give me mp3 skull,give me in peace called
make,Peace Corps,Peace Corp,Pisco,peace core,peace college,ana Peace Corps
make,hello of Peace Corps,hello Peace Corps,hello MP skull,hello of Peace Corp,Peace Corps,hello Peace Corp
make,peace college,peace call,scholar,Peace Corps,peace called,piece called
make,canopy,canopies call,canopies,canapes call,canapes,canopies College
make,MP skull,peace college,Peet's Coffee,hello MP skull,peace call,Peace Corps
make,I try and Peace Corps,I try and please call,I try and peace call,I try and peace college,I try and Peace cost,I'm trying Peace Corps
make,Peace Corps,peace call,Pisco,Peet's Coffee,peace college,PS call
make,peace call,peace college,Peet's Coffee,peace called,piece called,PS call
make,peace Cola,peace college,peace cola,peace Chola,Pisco lounge,PS Cola
make,Peace Corps,Peace Corp,peace core,school,Pisco,p school
make,Shirley Temple,wake me up Shirley Temple,Shirley temples,wake me up Shirley temples,Shirley Temple die,wake me up Shirley Temple die
make,Shirley Temple,Shirley temples,Shirley Temple die,,,
make,Shirley Temple,Shirley temples,Shirley Temple die,the temple,Shirley Temple now,
make,get me insured companies,get me insured,get me insured please,please,get me insured temple,get me insured lease
make,I'm going to try and Shirley Temple,I'm going to try a Shirley Temple,I'm going to try and Shirley temples,I'm going to try in a Shirley Temple,I'm going to try and shirly temple,I'm going to try to a Shirley Temple
make,give me a margarita,give me a reason,give me a marina,give me a Mirena,give me a Rita,
make,how bout a mercury,how about a margarita,how bout a margarita,how about a Maria,Maria,how about a murder
make,margarita please,margarita,margarita fleas,mercury to please,margaritas,Macarena please
make,make a margarita,make margaritas,McMurray,MacMurray,make my area,
make,margarita,margaritas,Margherita,Margarita,Margarito,
make,Maria,Marea,maria,Korea,margarita,
make,give me love you,give me love you neyo,give me love you neo,Give Me Love You,give me love ya,
make,can I have a mojito,can I have a mosquito,can I have a movie to,can I have a movie dubbed,can I have a movie times,
make,make me love you,make me laugh,McNeil,make me that heat,make me love you too,
make,I like to order a,I like to order a mojito,I'd like to order a,I'd like to order a mojito,I like to order a liter,I like to order a meter
make,mint julep,mint juleps,mint julep boutique,mint julep please,mint julep a,mint Julip please
make,make a mint julep,Mike Mitchell,make Mitchell,anchorman 2,making Mitchell,McMinnville
make,the mood for Mitchell,Nutramigen,furniture,the mood for Mitchell's,Furniture,mood for Mitchell
make,China mint julep,China,try and Juliet,Triaminic,try and Julia,Chinaman
make,mint julep,Angela,Mitchell,vigilant,ninja love,
make,images,Angela,Temecula,Angelo,Mitchell,
make,screwdriver,screw driver,screwdrivers,driver,,
make,orange juice,Nordstrom,orange Jews,orange trees,oranges,
make,vodka and orange juice,vodka and orange shoes,,,,
make,510 orange juice,5 ton orange juice,5 gun orange juice,gun orange juice,510 Orange Juice,5 ton Orange Juice
make,the screwdriver,the screw driver,screwdrivers,the screwdrivers,the screw drivers,the screw drive
make,screwdriver,screw driver,ice cream cheese,screwdrivers,ice cream,the screwdrivers
make,just a screwdriver,this description,just a screw driver,does the screwdriver,Justice Center,
make,whiskey sour,whisky sour,give me whiskey sour,give me whisky sour,can whiskey sour,can I whiskey sour
make,make a whiskey sour,whiskey sour,whisky sour,make a whisky sour,making whiskey sours,make a whiskey sours
make,whiskey sour,are,car,whiskey sours,whiskey sour sad,sad
make,whiskey sour,whisky sour,shower,whiskey sours,are,whisky sours
make,get me an electric company,get me an electric eel,get me an electric oven,get me an electric companies,get me an electric fence,get me in electric oven
make,wake me up at Electric lemonade,wake me up an Electric lemonade,miss me up an Electric lemonade,wake me up an electric laminate,wake me up an electric,wake me up at Electric laminate
make,Electric lemonade,,,,,
make,Electric lemonade please,Electric lemonade lease,Electric lemonade plea,Electric lemonade Pleas,Electric lemonade cookies,Electric clinic plea
make,Electric lemonade,Electric lemonade mouth,Electric,Electric lemonade pie,Electric lemonade tea,
make,Electric lemonade,Electric,,,,
make,Electric lemonade,Electric Avenue,Electric,electric,Electric live in,electric. Live in
make,Electric,Electric Company,electrical,electric,Electrical,
make,make me an old fashioned,make me old fashioned,make me an old fashion,make me a note,McDonalds,
make,old fashioned,old fashion,old fashions,old fashioned oats,old fat,
make,how about no,how bout no,about,hello,how about no Thai,
make,I'll try an old fashioned,I'll try an old fashion,I'll try a*** casting,I'll try a***,all triangles,
make,get me an old fashioned,get me an old fashion,,,,
make,do you have anything non alcoholic,do you have anything on alcohol,do you have anything on Oklahoma,do you have anything on El Cajon,do you have anything on alcoholism,
make,make me something without alcohol,,,,,
make,something,somethings,something new,Something,something else,
make,something to draw a person,something to draw,address,something to drink,something,something address
make,inversion drink,inversion Drake,inversion drank,inversions drink,inversion Drink,inversion drunk
make,no alcohol,Noel,Noelle,new Apple,m***,
make,make me a tequila sunrise,tequila sunrise,Tequila Sunrise,make me a Tequila Sunrise,make me tequila sunrise,naked tequila sunrise
make,tequila sunrise,Tequila Sunrise,on tequila sunrise,Auto tequila sunrise,all tequila sunrise,on Tequila Sunrise
make,tequila sunrise,can try to kill someone,can try to kill,Tequila Sunrise,country tequila sunrise,contract killer
make,reminder Acer,reminder research,one direction,reminder I say,directions,reminder: Acer
make,try the answer,try the earth,try the minors,the miners,try the miners,try the answer to
make,make me a reminder,make me a reminder search,make me a reminder for,make me a minor,make me in mind,
make,mind eraser,mind eraser shot,,,,
make,mind eraser,my razr,my razor,mind eraser shot,,
make,make me a mind eraser,,,,,
make,give me my dresser,get me minors,give me a minors,give me minors,give me a minor,give me a reminder
make,please,recipes,reminder please,lease,plea,pleased
make,Long Island iced tea,Long Island Iced Tea,on a long island ice tea,how long island ice tea,p**** Long Island iced tea,Long Island iced teas
make,Long Island iced tea,Long Island Iced Tea,bill Long Island iced tea,Long Island iced teas,Bill Long Island iced tea,Long Island ice-t
make,Long Island iced tea,Long Island,Long Island Iced Tea,Long Island iced,Long Island iced teas,
make,miss me up a Long Island iced tea,miss me up a long island ice tea,miss me up a Long Island Iced Tea,miss me up a Long Island iced teas,miss me up a long island ice T,
make,Long Island iced tea,Long Island Iced Tea,Long Island iced teas,long island ice tea,Long Island City,
make,Long Island iced tea,Long Island Iced Tea,Long Island City,long island ice tea,Long Island tea,how long island ice tea
make,give me a Roy Rogers,give me a White Rodgers,give me a river otters,give me a Roy Rogers show,give me a Roy Rogers die,
make,Roy Rogers,Roy Rodgers,Roy Rogers in,Roy Rogers good,Roy Rogers skin,Roy Rogers in skin
make,Roy Rogers,Roy Rogers movies,Roy Rogers please,Roy Rodgers,Rogers,
make,make me a mind eraser,make me in mind erasers,make me a reminder racer,,,
make,make me a reminder,make me a reminder eyes,make me a reminder in,make me a reminder at,make me a reminder ice,
make,mind eraser,reminder racer,remind a racer,find a razor,find a racer,reminder Racer
make,I'd like a mind eraser,Monterey,Monterey CA,I'd like a line array,I'd like a line razor,I'd like a minor razor
make,mint julep,I'd like a mint julep,Angela,mint juleps,jeweler,
make,I'd like a mint julep,I'd like a ninja,Lincoln Ventura,Lincoln Angeles,I'd like a venture,Linkin Ventura
make,Lincoln School,Lincoln,Lincoln Peace Corps,unlink a Pisco,Peace Corps,Annika Peace Corps
make,I'd like a piece Cola,I'd like a piece cola,I'd like a piece cooler,I'd like a piece Chola,I'd like a piece colour,I'd like a piece of cola
make,I would like a AP Scholar,I would like a Pisco,I would like a AP scores,I would like a AP score,I would like a piece called,I would like a peace called
make,Electric lemonade,,,,,
make,give me electric lemonade,give me an electric lemonade,give me electric Lemonade,give me an electric Lemonade,give me electric limited,give me electric Lebanon
make,give me an electric lemonade,give me an electric,give me an electric eel,give me an electric Lemonade,give me an electric line,give me an electrical Lemonade
make,MS cotton,MP skull,scotch and soda,MS Contin,Scott,Tempe scotch and soda
make,make me a scotch and soda,is cotton center,make me a scotch and Soda,is constant center,is cotton Center,sconsin Center
make,scotch and soda,scotch and Soda,Scott,Scottish Inn,Scottish inns,Scotts Inn
make,scotch and soda,scotch and Soda,sconsin Center,Scottrade Center,sconsin center,cotton center
make,scotch and soda,cotton center,scotch and Soda,sconsin Center,sconsin center,constant center
make,scotch and soda,Scott,scotch and Soda,sconsin,cotton,is cotton
make,scotch and soda,scotch and Soda,sconsin 7,Scotts n7,Scotts in 7,Scotsman 7
make,I want a scotch and soda,I want a scotch and Soda,I want a Scott answer,I want a scotch and sirloin,I want a dancer,I want a scotch answer
make,I want to Skype,I wanna scotch and soda,I want a scotch and soda,I want to Scott,I wanna Scott,I want to scotch and soda
make,bourbon and water,bourbon in water,Birmingham,water,Birmingham Water,Birmingham water
make,give me a Birmingham water,give me a river mean in water,give me a Birmingham Water,give me a river otter,water,
make,I want to come in,I want to Brandon,I want to burn in,I want to burn,I want to end,
make,bourbon and water,McNeil bourbon and water,MacNeal bourbon and water,water,make me bourbon and water,Mcminnville OR
make,water,I like a virgin and water,I like a permanent water,Water,I like a permanent Water,I like water
make,make me a Birmingham,make me a bird in water,make me a Birmingham water,make me a bird,make me a permanent marker,
make,Cuba Libre,Cuba Libre a,Billy Ray,Cuba lyrics,Cuban lyrics,cute lyrics
make,Havana Cuba Libre,Havana Cuba Libre a,Cuba Libre,Havana Cuba Libra,Havana Cuba libres,Havana Cuba lyrics
make,make me a Cuba Libre,make me a Cuba Libre a,make me a Cuban lyrics,make me cubra libre,make me feel lyrics,make me a cube lyrics
make,Cuba Libre,I want a Cuba Libre,Cuba Libre a,I want to believe,I want to believe it,I want a Cuba Libre a
make,make me a Cuba Libre,make me a Cuba Libre a,making a Cuba Libre,Cuba Libre,make a Cuba Libre,make me Cuba Libre
make,make me a Cuba Libre,Cuba Libre,make me a Cuba Libre a,make me Cuba Libre,mechanic you lee Brice,Cuba Libre a
make,Cuba Libre,how to Cuba Libre,Billy Ray,tequila lyrics,Cuba Libre a,how to kill lyrics
make,I'd like a Cuba Libre,Cuba Libre,I'd like a Cuba Libre a,Cuba Libre a,I like it Cuba Libre,I'd like a Cuban lyrics
make,make me a pisco sour,pisco sour,power,make me a pizza power,make me a piece power,
make,pisco sour,Pisco Sour,pisco sours,,,
make,give me a pisco sour,give me a Pisco Sour,give me a pisco sours,,,
make,make me a pisco sour,make me a Pisco Sour,make me a piece of summer,make me a pisco sours,McNeil a pisco sour,MacNeal a pisco sour
make,pisco sour,Pisco Sour,,,,
make,give me a pisco sour,give me a few hours,give me a few hour,give me a pisco sours,can a pisco sour,a pisco sour
make,dark and stormy,dark and stormy night,Arkansas Army,,,
make,make me a dark and stormy,dark and stormy,make a dark and stormy,make me a dark and stormy night,make me dark and stormy,make me a darkened storm
make,dark and stormy,I want to dark and stormy,I want to darken store me,dark and stormy night,I want to darken Starmie,I want to darken star me
make,give me a dark and stormy,dark and stormy,give me a dark and stormy night,a dark and stormy,can a dark and stormy,dark and stormy night
make,talking story,talking Story,Kentucky story,story,can talk and story,Kentucky Story
make,make me a dark and stormy,make me a darkened story,make me an Arkansas,making a dark and stormy,make me a darkened Story,darken story
make,like a gin,kitchen,kitchen f***,like a gin buck,like a jinn,jinn
make,make me itch in bulk,make me itch in buck,make me a gym buck,make me itch in box,make me a Jambox,make me a chicken pox
make,make me a gin buck,midget f***,Imogen Bach,midget Bach,Imogen buck,midget buck
make,I want to gin buck,Genbook,I want to JNB up,I want to Jen book,I want to Jen bucks,I want to gin book
make,McMechen Bach,make me a channel lock,McMechen box,McMechen Bock,McMechen Bok,make me a channel Bach
make,gin buck,Gymbox,Bach,Jhene box,Jen bucks,box
make,gin Rickey,engine wiki,engine Ricky,hello gin Rickey,engine making,engine braking
make,give me a gin Rickey,give me a gin wiki,give me a Jinchuuriki,give me a chance Ricky,,
make,make me a gin Rickey,McMansion Ricky,McMansion wiki,McMechen Ricky,McMansion Rocky,McMechen wiki
make,I want to,I want to gin,I want to gym,I want to chill,I want to change,
make,gin Rickey,what engine wiki,what engine Ricky,110 Ricky,what engine Ricki,110 Ricki
make,gin Rickey,Ricky,Rickey,,,
make,I want to gin Rickey,I want to Jen Ricky,I want to Jen rookie,I want to Jen Rocky,I want to gin review,I want to Jen review
make,like a Tom Collins,"Canton,",Lincoln Town Car,Canton college,Lincoln Tunnel,
make,make me a Tom Collins,Lake Minnetonka,,,,
make,Tom Collins,Collins,on time Collins,time Collins,what time Collins,
make,Tom Collins,Tom Jones,Canton Jones,Tom cons,tom toms,phantom cons
make,Tom Collins,Collins,columns,conns,Kong,Canton Collins
make,Tom Collins,TomTom,conns,Collins,Italian,call
make,Moscow Mule,Moscow mules,lost in you,can you,mu,Moscone you
make,Moscow Mule,Moscow mills,Moscow mules,I want to Moscow Mule,Onalaska,I want to kill you
make,Moscow Mule,wake me up Moscow Mule,Moscow mules,Moscone you,Lake Mille Lacs County Jail,thank you
make,give me a Moscow Mule,Moscow Mule,give me a Moscow,Moscow,give me a Moscow mules,give me a mosque
make,p******,porn hub,I wanna,on you,on,on on
make,Moscow Mule,Moscow,Moscow mills,Moscow mules,Moscone you,Moscow you
make,I want to Moscow Mule,I want to,I want to you,I want to come you,I want to see you,
make,make me a tonic,wake me up at onyx,make me a pic,wake me up at a time,make me a good time,
make,vodka tonic,Sonic,vodka Sonic,wake me up Sonic,,
make,vodka tonic,,,,,
make,on a vodka tonic,,,,,
make,McNeil Arkansas,McNeil,MacNeal,wake me up,make me,wake me
make,Black Russian,black Russians,,,,
make,Black Russian,Montana Black Russian,what to Black Russian,what to do Black Russian,Monta Black Russian,black Russians
make,I want a Black Russian,I want a black Russians,I want a black Russia,I want is a Black Russian,,
make,make me a Black Russian,take me to a Black Russian,make me black Russians,take me in,wake me in,
make,I'd like a Black Russian,I'd like a black Russians,I'd like a black person,I'd like a black Russia,,
make,give me a Black Russian,give me a black Russians,,,,
make,Macy engine,Macy engines,Macy engine block,Macy Engine,Macy's engine,Macy inches
make,make me a gym,make me a joke,make me a gin buck,make me a gin,make me itch,make me a gym buck
make,make me a gin buck,make me a gin,make me a ginger,make me a jinn,make me a GYN,
make,I like engine block,I like engine buck,I like in gin buck,I like engine Buck,I like engine knock,I like engines buck
make,get me a gin buck,get me a juicebox,get me engine block,get me engine knock,get me a gin Bach,get me a jinn Bach
alter,that wasn't nearly sweet,that wasn't nearly sweetener,that wasn't nearly Suites,that wasn't nearly sweet,that wasn't nearly sweetheart,that wasn nearly sweet
alter,that was in Sweden,Sweden,sweet,that wasn't sweetener,sweetheart,that wasn't sweetheart
alter,very sweet,very suite,very Suite,Barry suite,very sweet tea,sweet
alter,should have been sweeter,insurance in sweeter,Insurance sweeter,Insurance wheather,insurance sweeter,insurance wheather
alter,I like it sweeter,I like it sweet,I like it's winter,I like it sweetheart,get sweeter,I like it sweeter much
alter,sweeter next time,can sweet next time,sweetheart next time,sweeter next Time,can sweets next time,sweeter next time I
alter,newly sweet enough,newly sweetener,nuely sweet enough,nooly sweet enough,newly sweetheart,newly Sweden
alter,how much sweeter,how much sweetener,how much sweetheart,,,
alter,that was much too sweet,what was much too sweet,how much too sweet,that was much to suite,what was much to suite,that was much to sweet
alter,is too sweet for me,is too sweet to me,too sweet for me,is too sweet honey,is too sweet mi,too sweet to me
alter,that was way too sweet,that was way too sweetie,that was way to suite,that was way to sweet,that was way to sweeten,
alter,is too sweet,2 suite,is 2 suite,is too sweetie,is to suite,is to sweet
alter,don't make it so sweet next time,don't make it so sweet. Next time,don't make it says we text I'm,don't make it says we text times,don't make it says we text Time,don't make it so sweet next times
alter,is too sweet,what was too sweet,it was too sweet,what was too sweetie,it was too sweetie,is too sweetie
alter,I was too sweet,how was too sweet,I was 2 suite,I was too sweetie,how was too sweetie,how was 2 suite
alter,make it less sweet,make it less wheat,make it less suite,make it less Suite,make it less weed,make it last suite
alter,make it less sweet next time,make it less sweet next Time,make it less sweet time,make it less sweet thyme,make it less sweet next times,make it less sweet Time
alter,don't make it so sweet,don't make it sweet,don't make incense wheat,dont make incense wheat,don't make incense suite,dont make incense suite
alter,make it more better,make it more bitter,make it work better,make it more wetter,make it more butter,
alter,what is better enough,that wasn't better enough,that wasn't there enough,that wasn better enough,that was in better enough,better enough
alter,it wasn't very better,it wasn't very bitter,it wasn't very butter,it wasn't very builder,it wasn't very bitter earth,
alter,should be more better,should be more bitter,should be more butter,should be more wetter,should be more builder,Bmore builder
alter,should be better,should be better off,should be bitter,should be better at,should be better on,
alter,better enough,better enough for,,,,
alter,I was to better,I was 2 better,that was to better,what was to better,2 better,I was too bitter
alter,that was way to better,that was way too bitter,that was way to get ur,that was way to banner,that was way to batter,
alter,make it better,make it less bitter,better,naked better,naked,make it bigger
alter,to better,how to better,better,stupider,how to batter,YouTube editor
alter,how to better for me,2 better for me,Jupiter from me,how to better from me,2 better from me,how to better for mi
alter,next time does make it better,next time does make it feel better,next time does make it so bitter,next time does make it to dinner,next time does make it,
alter,Tucson,27,note to self,how to set,2000,
alter,Tucson,27,827,where to Santa,270,
alter,don't make it so sour,don't make it so Sauer,don't make it so Sour,don't make it so sower,don't make it 6 hour,don't make it says Sauer
alter,that was way too sour,that was way to sour,that was way to Sauer,that was way too Sauer,that was way to Sour,that was way too Sour
alter,Tucson,27,how to set,2sao,how to say,app Tucson
alter,how was too sour,I was too sour,how is too sour,,,
alter,make it less our next time,make it less our time,make it less hours time,make it less hour time,make it less sour times,make it last our next time
alter,naked 1 hour,naked shower,naked power,make it more salary,naked Power,power
alter,make it more sour,make it more Sauer,make it more Sour,make it more sower,make it more Schauer,naked morning Sauer
alter,next time,naked next time,making next time,Macon next time,make it next time,making more time
alter,that wasn't enough,that was in Fahrenheit,that was in Santa Ana,that was in farenheit,that wasn't hour and a half,
alter,nearly sour,nearly Sauer,nearly Sour,nearly sour enough,nearly Sauer enough,nearly Sour enough
alter,at 17,at 17 up,that one Santa Ana,at 17 a,817,
alter,bubbly,public,Publix,navigate to Publix,glee,
alter,do carbonated,carbonated,2 carbonate,carbonator,2 carbonated,YouTube carbonated
alter,that was to bubbly,that was to Bowie,that was to buy bully,that was too Bubba Lee,that was to buy Belize,that was to bubble Lee
alter,there is too much carbonation,where is too much carbonation,,,,
alter,do carbonated,carbonated,2 carbonate,2 carbon dated,two carbon dated,2 carbonated
alter,is to bubbly,is to believe,is to bully,is to Bali,is to Belize,used to believe
alter,is it was 250,is it was to 50,is it was too busy,is it with 250,is it was 2:50,is it was too fizzy
alter,don't make it so 50 times,don't make it so fat,don't make it so frizzy,don't make it so fast,don't make it so 50 time,
alter,250,215,252,258,,
alter,naked,Macon,making,Michigan,Megan,
alter,make it more fizzy,naked p****,make it more 50,naked 150,Naked City,making 150
alter,Indiana,Indian,Indian a,finding a,indian. A,that wasn't finding a
alter,Atmore Mobile,Atmore bubbles,at Moore mobile,Atmore mobile,Atmore bubble,Atmore Buble
alter,make it easier,naked videos,naked video,naked for the earth,,
alter,add more carbonation,,,,,
alter,that was flat,that was Flatt,that was flats,that was Flat,that was Flatts,that was the Flatt
alter,that was too flat,that was too flats,that was too Flatt,that was too flat iron,that was to Flatt,that was to flats
alter,make it more carbonated,,,,,
alter,naked crazier,make it creamy your,make it crazier,naked crazy your,naked crazy you're,make it creamy York
alter,that was in premium,that wasn premium,that wasn't premium,that wasn Premium,that wasn't Premium,that was in preemies
alter,make it more creamy,make it work remix,naked creamy,make it work Remi,naked twerk Remi,naked creaming
alter,creamy enough,creamy in a,creamy Ana,creamy una,creamy na,creemee enough
alter,how did creamier,Heather creamier,hazard creamier,premeer,tethered creamier,how did cream ear
alter,23 me,23,23 mean,23 mi,23 minutes,238 me
alter,that was way too,that was way too greedy,that was way to creamy,that was way to freeze,that was way to me,
alter,don't have it so crazy,don't have it so creepy,don't have it so creamy,don't have it so creatine,don't have it so cream,
alter,don't make it so creamy,don't make it so crazy,don't make it so creepy,,,
alter,navigate to strong,navigate to Strong,navigate to draw,navigate to stronger,,
alter,much too strong,that was much too strong,how much too strong,that was much to Strong,how much to Strong,much too strung
alter,that was way too strong,that was way too strung,that was way to Strong,that was way too strong for,that was way to scroll,
alter,strong,what was the little strong,Tron,drunk,what was a little stronger,Strong
alter,who is too strong,strong,who is to Strong,who is to draw,12 Strong,who is too strung
alter,it had too much alcohol,it had to much alcohol,it had to much alchohol,it had to much alchol,,
alter,there is too much alcohol,there was too much alcohol,there is too much alcohol in it,there was too much alcohol in it,where is too much alcohol,where is too much alcohol in it
alter,don't have so much alcohol,don't have so much alchohol,,,,
alter,it was too much alcohol,it was too much alchohol,it was too much alchol,it was too much album,it was too much Aleve,it was too much a album
alter,make it stronger,,,,,
alter,I like it stronger,I like a stronger,,,,
alter,make it stronger next time,make it stronger next times,make it stronger next Time,make it stronger next time I,make it stronger text times,make it stronger text Time
alter,should have been stronger,should've in stronger,should be in stronger,should in stronger,should ve in stronger,should have in stronger
alter,it should be stronger next time,is the stronger the time,it should be stronger than a time,it should be stronger time,it should be stronger times,it should be stronger the time
alter,alcohol,Oracle,alcoholic,alcohols,Atmore AL,
alter,there wasn't enough alcohol,there wasn't enough alchohol,alcohol,there wasn't a nut alchohol,there wasn't another alchohol,there wasn't a knot alchohol
alter,it wasn't Rana,strong enough,it wasnt Rana,it wasn't Strana,Strana,it wasnt Strana
alter,I like that,I like to,I like dat,I like the,I like them,
alter,I liked it,I like to,I like today,I like t***,I like it,
alter,it was good,it was good for,it was good day,,,
alter,good job,good jobs,good Jobs,jobs,job,
alter,tasty,tastea,taste,pasty,tasting,
alter,it was delicious,delicious,,,,
alter,I loved it,I love it,I loved,"I loved it,",I love thee,I love did
alter,I like today,I like to,I liked it,I like that,I like to do,
alter,perfect,Hurst,hearth,Hearst,hurt,
alter,perfect,Perfect,perfect two,perfect ass,perfect 2,
alter,is great,great,Great,grate,rate,is grate
alter,I didn't like it,I didn't like,I didn't like it is,,,
alter,it's a,its a,Itza,it sucks,It's A,suck
alter,it was awful,it was awesome,the office,,,
alter,it was terrible,it was a terrible,it was Terrell,terrible,it was Terrible,Terrible
alter,that was gross,that was Groves,what was Groves,that was grouse,that was groves,what was grouse
alter,that was bad,bad,Bad,bade,that was that,Dallas bad
alter,that was horrible,horrible,that was 40,Horrible,oral,that was Horrible
alter,that was bad,that was that,is bad,is that,that was Bad,
alter,that was very bad,that was bad,that was very bad day,bad,that was very Bad,Bad
alter,I didn't like it all,I didn't like it at all,I did like it all,I didn't like a doll,I do not like it all,I do like it all
alter,it was amazing,it was amazing I,,,,
alter,it was wonderful,is wonderful,it was wonderful day,it was wonderful I,,
alter,it was great,it was great day,it was Great,,,
alter,unbelievable,,,,,
alter,fantastic,fantasticc,Fantastic,Fantasticks,fantasti,
alter,fantastic,send text,fantasti,fantasticc,test,
alter,great,Great,grapes,rate,grate,
alter,it was in Sweden,it wasn sweet,it wasn Suites,it was in Swedish,it wasn't sweet,it wasn suite
alter,it was very sweet,it wasn't very sweet,sweet,it was very sweet tea,it wasn't very sweet tea,it was sweet
alter,what should have been sweeter,what should have been sweetener,what should have been sweetheart,what should have ended sweeter,should have been a sweeter,what should have been a sweeter
alter,it wasn't very sweet,it wasn't very suite,it wasn't very Suites,it wasn't very Suite,it wasn't very sweet tea,
alter,it wasn't,it wasn't Sweden,it wasn't me,it wasnt,it wasnt Sweden,it wasnt me
alter,it was too sweet,2 suite,it was 2 suite,it was too suite,it was to suite,it was to sweet
alter,2 sweet,2 suite,2 Suite,to suite,to sweet,sweet
alter,it was too sugary,it was to sugar free,it was too sugar free,,,
alter,it was too sugary,Touche,Touche amore,it was too short,sushi,
alter,there's too much sugar,,,,,
alter,there wasn't enough sugar,there wasn't a no sugar,there wasn't enough Sugar,there wasn't enough suga,there wasn't enough Suga,there wasn't enough to Sugar
alter,there wasn't enough sugar,sugar,where was internet Sugar,where was internet suga,there wasn't enough Sugar,there wasn't enough suga
alter,it wasn't for the night,it wasn't City,it wasnt City,it wasn't the Dina,it wasn't for the,it wasn't for dinner
alter,it wasn't for the enough,it wasn't fuzzy enough,it wasn't fizzy enough,it was Indiana,it wasnt fizzy enough,it wasn't City enough
alter,is 250,250,it was to 50,is 252,it was 2:50,is 2:50
alter,it was too busy,it was too fizzy,it was to fizzy,it was 250,is 250,it was to 50
alter,it wasn't Indiana,it wasn't for Indiana,it wasnt Indiana,it wasn t Indiana,it wasn't fuzzy enough,it wasn't city in us
alter,"it wasn't for the end up""",it wasn't for the NFL,it wasn't for the other,it wasn't for the endup,it wasn't for the end of,it wasn't for the end of the
alter,it wasn't city in us,it wasn't fuzzy enough,it wasn't for the enough,it wasnt city in us,it wasn city in us,it wasn't City enough
alter,it wasn't fuzzy enough,it wasn't for the enough,it wasn't his enough,it wasn't fizy enough,it wasn fizy enough,it wasnt fizy enough
alter,it wasn't fizzy enough,it wasnt fizzy enough,it wasn fizzy enough,it wasn't fizy enough,it wasn't fizzy Ana,it wasnt fizy enough
alter,it wasn't busy enough,it wasnt busy enough,it wasn busy enough,it wasn't busy and I,it wasn't busy in us,it wasnt busy and I
alter,should be more better,what should be more better,should be more wetter,should be more bitter,what should be more wetter,what should be more bitter
alter,it wasn't better enough,it wasnt better enough,it wasn better enough,it wasn't better in a,it wasn't veteran,it wasn't that are in a
alter,it wasn't there enough,it wasn't bitter. Enough,it wasn't enough,it wasn't that are enough,it wasnt that are enough,wasn't that are enough
alter,should have been more better,should have been more wetter,should have been more bitter,Ben Moore bitter,Ben Moore better,should have been more butter
alter,it take to to better,it take to 2 better,it take to to banner,it take to to dinner,it take to to bitter,it takes to 2 better
alter,is better,better,is bitter,Center,weather,Amazon better
alter,2 better,to better,stupider,together,Tudor,
alter,is to better,is 2 better,is too bitter,2 better,stupider,is Jupiter
alter,is to seller,is to self,is to salary,is to cellar,is 27,to seller
alter,it was really sour,it was really Sauer,it was really Sour,it was really sower,it was released Sauer,power
alter,it was too sour,it was too sour sauce,it was too sour soup,,,
alter,who was very sour,who was very Sauer,who was very Sour,who was very sower,who was very hour,who is Varys hour
alter,it was too strong,too strong,to Strong,2 Strong,Everest too strong,two Strong
alter,it was too strong,it was to Strong,it was too Strong,Strong,it was 20 Strong,
alter,there is too much alcohol,where is too much alcohol,there is too much alchohol,where is too much alchohol,,
alter,it was really strong,it was released wrong,it was really Strong,who was released wrong,who is released. Wrong,it was released Strong
alter,it wasn't sour enough,it wasn't Sauer enough,it wasnt sour enough,it wasn't Sour enough,it wasn sour enough,it wasnt Sauer enough
alter,it wasn't sour enough,it wasn sour enough,it wasn't Sauer enough,it wasnt sour enough,it wasn Sauer enough,it wasn't Sour enough
alter,should have been more sour,should have been more Sauer,should have been more Sour,should have been more sower,should have been more power,
alter,I like it more sour,I like it more Sauer,I like it more Sour,I like it more sower,I like it more Schauer,
alter,it wasn't very sour,it wasn't very Sauer,it wasn't very Sour,it wasn't very sower,Sauer,Sour
alter,it wasn't very sour,it wasn't very Sauer,it wasn't very Sour,it wasn't very sower,it wasn't Perry's Sauer,it wasn't Perry's Sour
alter,it wasn't strong enough,it wasn strong enough,it wasnt strong enough,it was in strong enough,it was a strong enough,it was strong enough
alter,it wasn't very strong,it wasn't very Strong,it wasn't married Strong,it wasnt married Strong,,
alter,it wasn't very strong,it wasn't very Strong,Strong,it wasn't for Strong,Paris Strong,it was in Paris Strong
alter,alcohol,NFL Hall,call,tonight alcohol,listen to know alcohol,listen to nothing at all
alter,there wasn't enough alcohol,wasnt enough alcohol,that wasnt enough alcohol,there wasn't a non alcoholic,there wasn't enough alchohol,alcohol
alter,that wasn't enough alcohol,there wasn't enough alcohol,that wasnt enough alcohol,alcohol,that wasn't enough alchohol,there wasn't enough alchohol
alter,should be more alcohol,should be more alchohol,should be worn alchohol,should be born alchohol,should be one alchohol,should be 1 alchohol
alter,strong enough,it was strong enough,it was the strong enough,,,
alter,it wasn't strong enough,it wasn strong enough,it wasnt strong enough,it was in strong enough,it was instrumental,it was instrumentals
alter,sweet enough,mi sweet enough,m sweet enough,M sweet enough,sweet enough for,mi sweet enough for
alter,it wasn't very sweet,it was very sweet,it wasn't very suite,it wasn't very Suite,it wasn't very Suites,it wasn't very sweet tea
alter,it wasn't very sweet,it wasn't very suite,it wasn't very Suite,it wasn't very sweet tea,it wasn't very Suites,
alter,should be sweeter,,,,,
alter,very sweet,very suite,very Suite,very Suites,very sweet tea,very. Suite
alter,it was very sweet,it was very suite,it was very sweet tea,,,
alter,it was too sweet,is 2 suite,it was too sweetie,it was too suite,is to suite,it was to suite
alter,is 250,is 215,is 252,250,is 250 F,
alter,is 250,250,is 250 F,is 252,is 250 R,
alter,it was too carbonated,it was to carbonated,it was 20 carbonated,it was to carbon dated,,
alter,it was too carbonated,it was to carbonated,it was to carbon dated,it was to Carver naked,it was to carbonate,how to carbonate
alter,it was very carbonated,it was very carbon dated,,,,
alter,very busy,very fizzy,very frizzy,Barry fizzy,is Barry fizzy,very easy
alter,it was very busy,it was a very busy,it was very fizzy,it was very frizzy,it was very busy bee,it was very easy
alter,it was to bubbly,it was to Bali,is to believe,it was to Buckley,is Tupac really,to believe
alter,it was very bubbly,it was very badly,it was very Bali,it was a Republican,Republic,
alter,it wasn't enough,it wasn't for the enough,it wasn't 50 enough,it wasnt 50 enough,it wasn't for these enough,it wasn't for the in us
alter,should be more 50,should be more fizzy,Bmore fizzy,450,Mr fizzy,engine 450
alter,beef is easier,beef is here,Vizio,beef is ear,should be physio,HEB physio
alter,it wasn't vizinha,it wasn't visina,it wasn't for the Ana,it wasnt vizinha,it wasn't vizina,it wasnt visina
alter,should be more carbonation,,,,,
alter,should be more carbonated,should be more carbon dated,,,,
alter,it wasn carbonated enough,it wasn't carbonated enough,it wasnt carbonated enough,it wasn carbinated enough,it wasn carbonate enough,it wasn carbonated in us
alter,it wasn't 50 enough,2050 enough,it wasn't 50 Ana,it wasnt 50 enough,it wasn 50 enough,2050 Ana
alter,it wasn't for the enough,it wasn't 50 enough,it wasn't city in us,it wasnt 50 enough,it wasn't fuzzy enough,it wasnt city in us
alter,it was in Atlanta,Atlanta,it wasn't Atlanta,it wasn't man enough,Lana,it wasnt Atlanta
alter,it was flat,flat,is flat,Flatt,Platt,it was Platt
alter,it tasted flat,tasted flat,it tasted flight,it tasted Flatts,it tasted flats,it tasted Flatt
alter,there is no carbonation,there's no combination,there is no carbonation in,,,
alter,it wasn t me enough,it wasn t me in a,it wasn't premium,it wasn't premia,it wasn't Premium,it wasn premium
alter,it wasn't enough,it wasnt enough,weather in a,it wasn't enough for,it wasn't me enough for,it wasnt me enough for
alter,creamy enough,creamy in a,Premium,creamy Indiana,premium,creemee enough
alter,it wasn't creamy enough,it wasnt creamy enough,it wasn creamy enough,it wasn't cream,it wasn't creamy Ana,it wasn't creamy in a
alter,it wasn't thinking of,it wasn't thinking,it wasn't enough,it wasn't thinking about,it wasn't thinking out,
alter,should have been creamier,should have been cream your,should have been cream year,should have been cream near,should have been cream in your,should have been Kreme year
alter,what should be creamier,what should be creamy,what should be cream,what should be cream ear,what should be creamy layer,what should be creamy ear
alter,is to creamy,is 23 me,creamy,is 23 mean,is to preemie,is too preemie
alter,it was too creamy,it was to creamy,it was 23 me,is 23 me,it was too preemie,it was 23 B
alter,very creamy,berry creamy,,,,
alter,it was too creamy,it was to creamy,it was too Creamery,it was to Creamery,it was too cream,it was to cream
alter,23 me,2 creamy,image to creamy,two creamy,to creamy,2k me
alter,is infinity enough,is Infiniti enough,it is in fizzy enough,citizen fizzy enough,it isn't fizzy enough,it is in Indiana
alter,it's not enough,it's not fair enough,it's not fit in a,its not fit in a,is not fair enough,it's not fit in us
alter,should have more carbonation,should have more combination,should have more combinations,should have won combination,should have worn combination,should have known combination
alter,the more carbonated,,,,,
alter,should be stronger,should be strong,should be a stronger,should be strong odor,,
alter,should be stronger,,,,,
alter,should be sweeter,what should be sweeter,should be sweetener,what should be sweetener,,
alter,should be sour,should be Sauer,should be Sour,should be sower,should be Schauer,
alter,should be more sour,should be more Sauer,should be more Sour,should be more sower,should be more power,should be mark Sauer
alter,should be more sour,should be more Sauer,should be more Sour,should be more Center,should be more salary,should be Moore salary
alter,should be more,should be more power,should be more hour,should be more sour,should be worth,
alter,sweet,suite,Suite,Sweet,wheat,
alter,the more sweet,the more suite,the more Suite,the more Suites,the more Sweet,the MOR suite
alter,should be sweeter,,,,,
alter,should be more speed,should be more sweet,should be more suite,should be more Suite,should be more Speed,Bmore suite
alter,be more better,be more bitter,be more wetter,the Moore bitter,the Moore better,the mower better
alter,should be more better,what should be more better,should be more bitter,what should be more bitter,should be more wetter,what should be more wetter
alter,what should be less bitter,what should be less better,what should be left better,what should be Lester,what should be Leicester,what should be less than air
alter,should be less dinner,should be less bitter,should be left dinner,should be less than ur,should be less Dinner,should be left in ur
alter,should be less bitter,should be less better,should be left center,should be left better,should be less Center,should be Lester
alter,shouldn't be so sweet,shouldn't be so Suite,shouldn't be so suite,shouldn't be 6 weeks,shouldn't be so sweet I,
alter,b****** be so sweet,b****** be so Suite,b****** be so suite,b****** be 6 feet,b****** be so sweet I,
alter,should be less sweet,should be less suite,sweet,should be less weed,should be less Suite,should be left sweet
alter,should be so sweet,should ve so sweet,should be so Suite,sweet,BCS Sweet,should ve so Suite
alter,NBC tower,,,,,
alter,shouldn't be this hour,shouldn't be the sower,shouldn't be the sour,shouldn't be the cellar,shouldn't be this our,
alter,should be less sour,should be less hour,should be less hours,should be less power,should be less our,should be left hour
alter,should be less carbonated,should be left carbonated,should be less carbonator,should be less carbon dated,should be less carbon,should be less carbon in it
alter,should be less busy,should be less lazy,should be less lazy eye,should be left at sea,should be less busy bee,
alter,should be physio,beef is you,should be fizzy,beef is easier,NBC's you,it's the fizzy
alter,should be physio,should be physic,should be fit,should be fizzy,should beef is you,should ve physio
alter,should be creamier,should be cream near,should be creamy layer,should be creamy year,should be cream near me,should be creamy your
alter,should be more creamy,should be more creamier,,,,
alter,should be so creamy,,,,,
alter,is to creamy,23 me,is 23 me,to creamy,is to create me,23 mean
alter,should be less creamy,should be less clingy,should be less greasy,should be left creamy,should be like screaming,creamy
alter,should be less sour,should be less power,should be less hours,should be less hour,should be less Power,should be last hour
alter,should be less sour,should be less hour,should be less hours,should be less power,should be less our,should be left hour
alter,should be less bitter,should be less better,should be left better,should be less pitter,should be left fielder,should be left fender
alter,what should be less bitter,what should be less better,what should be less butter,what should be left better,what should be less Center,what should be less Banner
alter,should be less bitter,should be less better,should be less pitter,should be left better,should be less filter,should be left fielder
alter,should be less sweet,should be less Suites,should be less suite,should be less suites,should be left Suites,should be left suite
alter,should be less sweet,should be less Suites,should be less week,should be less weed,should be less suite,should be left Suites
alter,2 week,is two week,is 2 week,is too big,is to big,is 2 weeks
alter,2 week,is two week,is 2 week,two week,is too weak,is 20 week
alter,2 week,two week,20 week,2 weeks,two weeks,
alter,it was pretty week,it was pretty Week,it was pretty weak,it was pretty weight,it was pretty weeks,
alter,it was weak,it was week,it was Week,is weak,week,
