Black Russian,Black Russian women Sweden,Black Russian Sweden,Black Russian sweet enough,Black Russian women sweetener,Black Russian women sweet enough,Black Russian
Black Russian,apocryphal is too sweet,APAC Russians to sweet,APAC Russian is too sweet,Aflac Russians to sweet,map pack Russians to sweet,Aflac Russian is too sweet
Black Russian,my Black Russian women sweetheart,my Black Russian women sweetener,Black Russian women sweetheart,my Black Russian was in Sweden,my Black Russian wasn't sweetener,my Black Russian woman sweetener
Black Russian,my Black Russian was too sweet,my black Russians to sweet,my black Russians too sweet,my black Russians to suite,my black Russians 2 suite,my black Russians to Sweet
Black Russian,Black Russian women strong enough,my Black Russian women strong enough
Black Russian,Dr Christian is too strong,Dr questions too strong,Dr Christians too strong,Dr Christians to strong,Russian is too strong,Dr Christian's too strong
Black Russian,Aflac Russian wasn't man enough,Aflac Russian wasn't Indiana,APAC Russian wasn't man enough,Aflac Russian was in Indiana,APAC Russian wasn't Indiana,APAC Russian was in Indiana
Black Russian,black Russians to creamy,black Russians to cream,Black Russian into cream,black Russians to Kreme,Black Russian is 23 me,Black Russian into Kreme
White Russian,White Russian wasn't sweetener,White Russian with me tonight,White Russian sweetener,White Russian sweet enough,White Russian with sweet in a,White Russian with Selena
White Russian,that went mission is too sweet,that way Russians to sweet,that one directions to sweet,that way to Russians to sweet,Russians to sweet,that way Russians to suite
White Russian,fat white women with pretty week,fat white women with pretty Week,fat white women with pretty weak,fat white women with pretty eyes week,that might Marshalls pretties week,that might Marshalls prettier week
White Russian,Pat White Russians be weaker,Pat White Russians the week,Pat White Russians the weaker,Pat White Russians The Weeknd,Pat White Russians the weekend,Pat White Russian be weaker
White Russian,White Russian wasn t me enough,White Russian wasn t me a nap,White Russian wasn t me enuff,White Russian wasn t me not,White Russian wasn t me or not,White Russians wasn t me enough
White Russian,White Russian very creamy,White Russian hairy creamy,White Russian Mary cream,White Russian hairy cream,White Russian married Remi,White Russian very cream
Old-fashioned,at home fashions was in Sweden,at home fashions in Sweden,at home fashions wasn't sweetener,Pantone fashion was in Sweden,Pantone fashion wasn't sweetener,at home fashion was in Sweden
Old-fashioned,at home fashions very sweet,at home fashion very sweet,at home fashions very suite,at home fashions very Suite,at home fashions very sweet tea,at home fashion is very sweet
Old-fashioned,Atlanta fashion boots 2 week,that on fashion police 2 week,Atlanta fashion with two week,that on fashion police two week,Atlanta fashion boots two week,Atlanta fashion boots 2 weeks
Old-fashioned,that old fashioned is too strong,that old fashions is too strong,adult fashions is too strong,that old fasioned is too strong,that on fashions is too strong,that old fashined is too strong
Old-fashioned,Adult Detention Center,adult rash in winter,adult rash in inner,Adult Detention Center not,adult rash in inner thigh,Adult Detention Center North
Old-fashioned,adult attention to better,adult attention 2 better,adult attention to bed,adult attention to dinner,adult attention to banner
Whiskey Sour,whiskey sour wasn't very sweet,whiskey sour a wasn't very sweet,do whiskey sour wasn't very sweet,whiskey sour suite,whiskey sour Aries suites,whiskey sour sweet
Whiskey Sour,that was the sower is very sweet,that was the sour is very sweet,that was Keith Harrow is very sweet,that was the Pharaoh is very sweet,that was bizarre is very sweet,that was the sower is very suite
Whiskey Sour,that whiskey sour Tron,that whiskey sour wasn't Ron,that whiskey sour wasn't Rana,that whiskey sour strong,that whiskey sour wasnt Rana,that whiskey sour wasn't strong
Whiskey Sour,that whiskey sour is too strong,that whiskey sours to Strong,that whiskey sour with to Strong,that whiskey sour is to Strong,that whiskey sours to stronger,that whiskey sour to Strong
Whiskey Sour,episkey sour was in Santa Ana,episkey Sauer was in Santa Ana,episkey Sour was in Santa Ana,episkey Center was in Santa Ana,episkey Center 1 sour,episkey center was in Santa Ana
Whiskey Sour,whiskey sour Rosemary's hour,whiskey sour rosemary sour,whiskey sour rosemary Sauer,whiskey sour rosemary Sour,whiskey sour Rosemary's our,whiskey sour Rosemary's sour
Gin Rickey,the gin Rickey wasn't sweet enough,the gin Rickey wasn sweet enough,the gin Rickey was in sweet enough,the gin review wasn't sweet enough,the gin Rickey wasn't sweetener,the gin Rickey wasn't suite in F
Gin Rickey,the gin Rickey shouldn't be so sweet,the gin rickeys shouldn't be so sweet,the gin Rickey shouldn't be 6 weeks,the gin Rickey shouldn't be sweet,the gin Rickey shouldn't be so Suite,the gin Rickey shouldn't be 6 week
Gin Rickey,that gin Rickey was not alcohol,that gin Rickey was not an alcoholic,that gin Rickey was not an alcoholic anon,that gin Rickey was not alcohol content,that gin Rickey was not alcoholic anon,that gin Rickey was not an alcoholic anonymous
Gin Rickey,gin Rickey is too strong,gin rickeys to Strong,generic used to Strong,generic use to Strong,gin Rickey to Strong,gin Rickey used to Strong
Gin Rickey,gin Rickey 1 hour,Janicki 1 hour,gin Rickey,gin Rickey power,Jimmy Fallon,gin Rickey one hour
Gin Rickey,the gin Rickey should be less sour,the gin Rickey should be less power,Dictionary should be less sour,the gin Rickey should be less hours,degenerative should be less sour,dictionary should be less sour
Gin Rickey,the gin Rickey was in Indiana,the gin Rickey what is enough,the gin Rickey was Indiana,the gin Rickey was in the Siena,the gin Rickey was in the NFL,the gin review was in Indiana
Gin Rickey,gin Rickey was to carbonated,the gin Rickey was to carbonated,gin Rickey was too carbonated,the gin Rickey was too carbonated,Janicki was to carbonated,Janicki was too carbonated
Electric Lemonade,Electric lemonade very sweet,Electric lemonade Aries suites,Electric lemonade freeze meat,dielectric 18 very sweet,Electric lemonade Perry's meat,dielectric 98 very sweet
Electric Lemonade,Electric lemonade shouldn't be so sweet,Electric lemonade shouldn't BCS Sweet,Electric lemonade shouldnt BCS Sweet,Electric lemonade shouldn't be so Suite,Electric lemonade shouldn't be since we,Electric lemonade shouldn't be 6 weeks
Electric Lemonade,Electric lemonade stand strong,Electric lemonade and strong,Electric lemonade strong,Electric lemonade Strong,Electric lemonade frozen Strong,Electric lemonade stand strong enough
Electric Lemonade,Electric lemonade is too strong,the electric Naples to Strong,electric Naples to Strong,do you have to clean a is too strong,Electric Company is too strong,electric companies is too strong
Electric Lemonade,the electric man in a very sour,the electric man it was in Paris tower,the electric man it was in Paris hour,the electric man in Paris tower,the electric man in Paris hour,the electric man it was in Paris power
Electric Lemonade,Electric my name is really sour,dielectric my name is really sour,the electric my name is really sour,electric my name is really sour,Electric my name is really Sauer,Electric my name is really Sour
Long Island Iced Tea,Long Island iced tea wasn't sweetener,Long Island Iced Tea wasn't sweetener,Long Island iced tea sweet,Long Island iced tea sweet nothing,Long Island iced tea sweetness,Long Island iced tea wasn't sweet
Long Island Iced Tea,my Long Island iced tea is too sweet,my Long Island iced tea was too sweet,my Long Island iced teas too sweet,my Long Island iced tea with 2 suite,my Long Island iced tea with too sweet,my Long Island iced teas to suite
Long Island Iced Tea,my Long Island Iced Tea have enough alcohol,my Long Island iced tea have enough alcohol,my Long Island iced teas Avenue El Cajon,my Long Island iced tea Avenue El Cajon,my Long Island Iced Tea Avenue El Cajon,my Long Island iced tea to Avenue El Cajon
Long Island Iced Tea,my Long Island iced tea should have been week,my Long Island iced tea should have been weak,my Long Island iced tea should have been Rica,my Long Island iced tea should have been leaked,my Long Island iced tea should have been Week,my Long Island iced tea should a fan week
Long Island Iced Tea,Long Island iced tea should be more sour,Long Island iced tea should be more salary,Long Island iced tea should be more Sauer,Long Island iced tea should be more sound,Long Island iced tea should be more Sour
Long Island Iced Tea,Long Island iced tea 2000,Long Island iced teas to self,Long Island iced teas to sell,Long Island iced tea Tucson,Long Island iced tea 27
Long Island Iced Tea,Long Island iced tea was Indiana,Long Island iced tea was in Indiana,Long Island iced tea wasn't enough,Long Island iced tea was in the NFL,Long Island Iced Tea wasn't enough,Long Island iced tea was in Siena
Long Island Iced Tea,Long Island iced teas to bubbly,Long Island iced teas to Bob Lee,Long Island iced teas to Bob ley,Long Island iced teas to Buckley,Long Island iced teas to Bali
Moscow Mule,Moscow Mule mugs in Sweden,Moscow Mule mugs and Suites,Moscow Mule 1300,Moscow Mule Sweden,Moscow Mule
Moscow Mule,Moscow Mule shouldn't be so sweet,Moscow mules shouldn't be so sweet,Moscow Mule shouldn't be so Suite,Moscow Mule shouldn't be so sweet I,Moscow mules shouldn't be so Suite,Moscow Mule in shouldn't be so sweet
Moscow Mule,Moscow Mule 2 week,Moscow Mule what is 2 week,Moscow Mule two week,Moscow Mule is 2 week,Moscow Mule is too weak,Moscow Mule is two week
Moscow Mule,Moscow Mule shouldn't have so much alcohol,Moscow mules shouldn't have so much alcohol,Moscow Mule shouldn't have alcohol,Moscow Mule shouldn't have so much alchohol,Moscow News shouldn't have so much alcohol,Moscow mules shouldn't have alcohol
Moscow Mule,Moscone new tower,Moscow new tower,Moscow Mule in Santa Ana,Moscone new tower in a,Moscow Niall Horan,Moscone new towers
Moscow Mule,Moscow Mule to sell for me,Moscow Mule to set alarm for me,Moscow Mule to self from me,Moscow mules to sell for me,Moscow mules to set alarm for me,Moscow Mule to send me
Moscow Mule,Moscow Mule what is enough,Moscow Mule Xena,Moscow Mule what is in a,Moscow Mule what is en a,Moscow Mule Zena,Moscow Mule mugs Xena
Moscow Mule,Moscow Mule is 250,Moscow mules is 250,Moscow Mule is 2:50,Moscow Mule is to 50,Moscow Mule ways to 50,Moscow mules 2:50
Rum and Coke,the running who wasn't very sweet,The Running who wasn't very sweet,the Roman who wasn't very sweet,the run in who wasn't very sweet,the running who was in suite,the running who wasn't very sweet tea
Rum and Coke,running way too sweet,what running way too sweet,running way to sweet,what running way to sweet,running way to suite,what running way to suite
Rum and Coke,that running needs more alcohol,that running brook needs more alcohol,that run in needs more alcohol,that run Inn needs more alcohol,that run into needs more alcohol,that running needs more alchohol
Rum and Coke,the running coach be weaker,the running coach the weaker,the running coach of the week,the running coach be weak,the running coach The Weeknd,the running coach the week
Rum and Coke,my running who was in carpet is enough,my running who was in competition,my running who was in carbon is enough,my running who was in competition up,my running who was in competition on,my running who was in competition Us
Rum and Coke,Myron cope with two carbonated,my running to carbonated,Myron cope with to carbonated,Myron cope with 2 carbonated,Myron to carbonated,Myron's to carbonated
Tom Collins,Tom Collins wasn't very sweet,Tom Collins was very sweet,Tom Collins wasn't very suite,toms pawn wasn't very sweet,Tom Collins wasn't very Suite,Tom Collins wasn't very sweet tea
Tom Collins,Tom Collins was really sweet,Tom Collins was really suite,Tom Collins was really Suite,Tom Collins was really sweet tea,Tom Collins was released suite,Tom Collins was released Suite
Tom Collins,Tom Collins didn't have enough alcohol,Tom Collins doesn't have enough alcohol,Tom Collins does not have enough alcohol,Tom Collins didn't have enough alchohol,Tom Conti didn't have enough alcohol,Tom Collins didn't have enough to haul
Tom Collins,the Tontons is too strong,the Tontons for is too strong,the Tontons to Strong,the Tontons was to Strong,the Tontons pearls to Strong,the Tontons with to Strong
Tom Collins,Tom Collins was in Fahrenheit,Tom Collins was in farenheit,Tom Collins wasn't hour and a half,Tom Collins wasn't Sauron,Tom Collins how are in a,Tom Collins weather how are in a
Tom Collins,Tom Collins is way too sour,Tom Collins way too sour,Tom Collins way to seller,Tom Collins way to store,Tom Collins way to cellar,Tom Collins way to say
Tom Collins,the Tom Collins carbones Edina,the Tom Collins was in carbonated in a,the Tom Collins was in carbonated,the Tom Collins was in carbonated enough,the Tom Collins was in carbonated Ana,the Tom Collins carbonated in a
Tom Collins,the town homes had too many bubbles,the townhomes had too many bubbles,the temptones had too many bubbles,the dump on had too many bubbles,the dump Hans had too many bubbles,Hans had too many bubbles
Screwdriver,the screwdriver with sweet enough,the screw driver license Louisiana,the screw driver license WI tonight,the screw driver license Rihanna,the screwdriver with me tonight
Screwdriver,screwdrivers too sweet,screwdrivers to sweet,screwdrivers 2 suite,the screwdrivers too sweet,screwdrivers to suite,screwdrivers to Sweet
Screwdriver,screwdrivers very weak,screwdrivers berry week,the screwdrivers very weak,screw drivers berry week,screwdriver with very weak,screwdrivers very Week
Screwdriver,screwdrivers too strong,screwdrivers to strong,screwdrivers to Strong,screw drivers too strong,screwdrivers to stone,screw drivers to strong
Screwdriver,the screwdriver was in town,the screwdriver 1000,the screwdriver 1 sound,the screwdriver 1 south,the screwdriver 1 salary,the screwdriver in was in town
Screwdriver,my screwdrivers to self,my screwdriver to self,my screw drivers to self,my screwdrivers to sell,screwdrivers to self,my screwdrivers to cell
Piscola,fat people very sweet,that people very sweet,very sweet,fat people very suite,fat people Terry Smith,fat people Terry suite
Piscola,Peace Corps shouldn't be that sweet,peaceful shouldn't be that sweet,Pisco shouldn't be that sweet,peacecorps shouldn't be that sweet,Peace Corps shouldn't be that suite,Peace Corps shouldn't be that Suite
Piscola,MP skull strong,MP skull stronger,MP skull whats the strongest,happy School strong,MP skull what is strong,MP skull what is stronger
Piscola,tattoo school is too strong,tattoo schools to Strong
Piscola,the Peace Corps needs more bubbles,MP skull needs more bubbles,the peace core needs more bubbles,the Peace Corps needs more Bubbles,MP skull needs more Bubbles,the Peace Corps needs more bottles
Piscola,MP skull was too busy,MP skull is too busy,the Peace Corps was too busy,MP skull is 250,the Peace Corps is too busy,Tempe schools was too busy
Vodka Tonic,vodka tonic wasn't very sweet,define catatonic wasn't very sweet,vodka tonic wasn't very suite,vodka tonic wasn't very Suite,define catatonic wasn't very suite,vodka tonic wasn't very sweet tea
Vodka Tonic,vodka tonic is too sweet,vodka tonic is 2 suite,vodka tonic is to suite,vodka tonic is to Sweet,vodka tonic is to Suite,vodka tonic is 2 Suite
Vodka Tonic,vodka tonic needs more alcohol,vodka tonic me tomorrow,vodka tonic needs more,vodka tonic needs more alcoholic,vodka tonic needs more alchol,vodka tonics me tomorrow
Vodka Tonic,vodka tonic what is way too strong,vodka tonic is way too strong,vodka tonic was way too strong,Batman katana was way too strong,vodka tonics was way too strong,vodka tonic was way to Strong
Vodka Tonic,vodka tonic went sour,define catatonic wasn't Sauer,vodka tonic wasn't Sauer,define catatonic wasn't Sour,vodka tonic wasn't Sour,vodka tonic went Sauer
Vodka Tonic,Fontana to self,fat pocket on a tooth out,fat pocket on a 2000,Fontana to sell,Fontana to sale,fat Fontana to self
Vodka Tonic,vodka tonic needs more carbonation
Vodka Tonic,vodka tonic is 250,vodka tonic with two fish,vodka tonic with two faces,vodka tonic with 26,vodka tonic with to fish,vodka tonic is to fish
Pisco Sour,Pisco Sour was in Sweden,pisco sour was in Sweden,Pisco Sour was in Swedish,pisco sour was in Swedish,Pisco Sour was in sweet,pisco sour was in sweet
Pisco Sour,the Pisco Sour is very very sweet,Pisco Sour is very very sweet,pisco sour is very very sweet,the pisco sour is very very sweet,pisco sour with very very sweet,the pisco sour with very very sweet
Pisco Sour,pisco sour should be strong,pisco sour should be stronger,pisco sour should the strong,pisco sour should be Strong,the PJs go sour should be strong,pisco sour should be strong for
Pisco Sour,Pisco Sour needs to be weaker,pisco sour needs to be weaker,pisco sours needs to be weaker,Pisco Sour needs to be liquor,pisco sour needs to be liquor,Pisco Sour needs to be wicker
Pisco Sour,Pisco Sour needs to,pisco sour needs to,pisco sour,Pisco Sour need,Pisco Sour need to,pisco sour need
Pisco Sour,pisco sour Tucson,Pizza sounds to self,pisco sour 27,pisco sour is 27,Pisco Sour to self,Pisco Sour me to self
Margarita,margarita with sweet,margarita with weed,margarita with suites,margarita with suite,margarita
Margarita,my margarita is too sweet,my margaritas to sweet,my margaritas 2 suite,my margaritas is too sweet,my margaritas to suite,my Margarito is too sweet
Margarita,my margarita should have been stronger,my margaritas should have been stronger,my margaritta should have been stronger,my margharita should have been stronger,my margarita should have been strong,my margarita should have been stronger a
Margarita,my margarita needs to be weaker,my margaritas needs to be weaker,buy margaritas needs to be weaker,my mind reading needs to be weaker,my mind reader needs to be weaker,my margarita needs to be weekend
Margarita,margarita with Corona,margarita with a corona,margarita what are in a,Margarito what are in a,Margarida what are in a,margarita with sirens
Margarita,margaritas to sour,margaritas to Sauer,margaritas to Sour,margaritas to sower,margaritas to seller
Dark and Stormy,Arkansas hunting license,Arkansas,Tarkan swimming lessons,darken swimming lessons,Arkansas running speed,Arkansas hunting licence
Dark and Stormy,constraints too sweet,constraints to sweet,constrain too sweet,constraints 2 suite,scream 2 suite,constrain to sweet
Dark and Stormy,13 stories didn't have enough alcohol,13 stories didn't have alcohol,13 stories did not have enough alcohol,13 stories didn't have an alcohol,13 stories didn't have enough alchohol,13 stories didn't have alchohol
Dark and Stormy,dark and stormy way too much alcohol,dark and stormy way too much alchol,dark and stormy way too much alchohol,dark and stormy way too much alcohol cause,dark and stormy way too much alcohal
Dark and Stormy,Target store in the needs more carbonation,Duncan store in the needs more carbonation,drunken store in the needs more carbonation,Target store in the needs more combination,Duncan store in the needs more combination,Target store in the needs more combinations
Dark and Stormy,dark and stormy shouldn't have so much carbonation,dark and stormy shouldn't have so much for the nation,dark and stormy shouldn't have so much for the nations,dark and stormy shouldn't have so much for the Nation,dark storm shouldn't have so much carbonation,dirty story shouldn't have so much carbonation
Gin Buck,the gin buck was in Sweden,the gin buck with me tonight,the gin buck with sweet enough,the gin buck was in Swedish,the gym equipment sweetener,the gin buck wasn't sweetener
Gin Buck,fat teen f*** is too sweet,fat teen f*** is 2 suite,fat teen f*** is too sweetie,fat teen f*** is to suite,fat teen f*** is to Sweet,fat teen f*** is to Suite
Gin Buck,Ginbot,gin buck,Ginbot DC,gin bucket list,that's in the Beast,Ginbot Beast
Gin Buck,patent ductus to be weaker,patent ductus the weaker,inductive to be weaker,Dotson puppies to be weaker,that's inductees to be weaker,tattooed on his to be weaker
Gin Buck,Gymbox needs to be sexier,Gymbox needs to pieces,Jim buck needs to be sexier,Gymbox needs to pee,Jim buck needs to pieces,Genbook needs to be sexier
Gin Buck,regions should be so busy,the gin should be so busy,Regions Bank should be so busy,engine should be so busy,region should be so busy,regions should be so easy
Tequila Sunrise,tequila sunrise very sweet,Tequila Sunrise lesson 3 suite,tequila sunrise Pleasant Prairie Sweet,Tequila Sunrise lesson 3 speed,Tequila Sunrise legendary suite,tequila sunrise Pleasant Prairie Street
Tequila Sunrise,Tequila Sunrise is way too sweet,tequila sunrise is way too sweet,tequila sunrises way too sweet,tequila sunrises way to sweet,tequila sunrises way to suite,Tequila Sunrise the way too sweet
Tequila Sunrise,Tequila Sunrise should be stronger
Tequila Sunrise,tequila sunrise,Tequila Sunrise,tequila sunrise wasn't,tequila sunrise was,tequila sunrise wasnt,tequila sunrise what
Tequila Sunrise,tequila sunrise,Tequila Sunrise
Tequila Sunrise,tequila sunrises to sour,tequila sunrises to center,tequila sunrises to self,tequila sunrises to Center,tequila sunrises 27,Tequila Sunrise to sour
Bourbon and Water,bourbon and water should be,bourbon and water should be me,bourbon and water should be you,bourbon and water should be with,the Bourbon in water should be,bourbon in water should be
Bourbon and Water,bourbon and water wizz to alcohol,bourbon and water wizz to El Cajon,bourbon and water Vista to alcohol,bourbon and water wizz to alcoholic,bourbon and water wizz to alcoholics,bourbon and water wizz to alchohol
Roy Rogers,the Roy Rogers should be sweeter
Roy Rogers,the Roy Rogers is too sweet,the Roy Rogers was too sweet,the Roy Rogers too sweet,the Roy Rogers Bros 2 suite,the Roy Rogers 2 suite,the Roy Rogers was 2 suite
Roy Rogers,Roy Rogers needs more carbonation,Roy Rogers needs more combination,Roy Rogers needs more combinations,Roy Rogers needs mark combination,Roy Rogers needs mark combinations,Roy Rogers needs Mark combination
Roy Rogers,Roy Rogers should be less carbon,Roy Rogers should be less carpet,Roy Rogers should be less carbs,Roy Rogers should be less Carbon,Roy Rogers should be less carpet Inn,Roy Rogers should be left Carbon
Mind Eraser,remind a raise in Sweden,reminder restaurants in Sweden,remind a race was in Sweden,remind a razor was in Sweden,reminder race was in Sweden,remind restaurants in Sweden
Black Russian,make me a Black Russian,make me a black Russians
Black Russian,make me a Black Russian,make me a black Russians
Black Russian,I like a Black Russian,I like a black Russians
White Russian,make me a White Russian,make me a white russian,make me a White Russians
White Russian,like a White Russian,I like a White Russian,White Russian,Michael White Russians,I like a white russian,like a white russian
Old-fashioned,make me an old fashioned,make me an old fashion,make me an old fashioned oats,make me an old fashion oats
Old-fashioned,I'd like an old fashioned,I'd like an old fashion,old fashioned,I'd like old fashioned,I'd like an old fashions,I'd like an old fashioned oats
Whiskey Sour,make me a whiskey sour,make me a whisky sour
Whiskey Sour,I want a whiskey sour,I want a whisky sour,I want to whisky sour,I want the whisky sour,I want whisky sour
Gin Rickey,make me a gin Rickey,make me a generic,make me a generator,make me a generation,make me a gym Ricky,make me a jemi Ricky
Gin Rickey,like a gin Rickey
Electric Lemonade,make me an electric lemonade,make me an electric Lemonade,make me an electric laminate,make me an electric lemonade diet,make me an electric limited,make me an electrical limited
Electric Lemonade,get me an electric lemonade,get me an electric Lemonade,get me an electric laminate
Long Island Iced Tea,make me a Long Island iced tea,make me a long island ice tea,make me a long island ice T,make me a Long Island Iced Tea,make me a Long Island iced teas
Long Island Iced Tea,I want a Long Island iced tea,I want a long island ice tea,I want a long island ice T,I want a Long Island Iced Tea,I want to Long Island Iced Tea,I want a Long Island iced teas
Moscow Mule,make me a Moscow Mule,make me a Moscow mules
Moscow Mule,like a Moscow Mule,like a Moscow mules,like a boss come you,like a boss come u,like a boss come York,like in Moscow mules
Rum and Coke,make me a Roman coke,make me run in Coke,make me Robyn Koch,make me Robin Koch,make me run Koch,make me a Roman Koch
Rum and Coke,like a rum and coke,I like a rum and coke,Rebecca Romijn Coke,Rebecca Romijn Koch,Rebecca Romijn cope,like a rum and koke
Tom Collins,give me a Tom Collins
Tom Collins,make me a Tom Collins
Screwdriver,make me a screwdriver,make me a screw driver
Screwdriver,I want a screwdriver,I want to screw driver
Piscola,make me a piece Cola,make me a Peace Corps,make me a piece color,make me a piece cooler,make me a piece colour
Piscola,I want to Peace Corps,I want a piece cooler,I want a piece color,I want to pee score,I want a piece colour,I wanna pee score
Vodka Tonic,make me a vodka tonic
Vodka Tonic,I want to f*** a tonic,I want to f*** a donut,I want to f*** a duck,I want to f*** it on it,I want to f*** it on
Pisco Sour,make me a pisco sour,make me a Pisco Sour
Pisco Sour,I like a pisco sour,I like a Pisco Sour,I like a pisco sours
Margarita,make me a margarita,make me up Margarita,make me a Margarita,wake me up Margarita,make me a Margherita,make me up Margherita
Margarita,I'd like a margarita,I'd like Margarita,I'd like Margherita,I'd like a Margarita,I'd like to Margarita,I'd like a Margherita
Dark and Stormy,make me a dark and stormy,make me a dark and stormy night
Dark and Stormy,I want a dark and stormy,I want to dark and stormy,I want a dark and stormy night,I want to darken store mi,I want to darken store me,I want to darken Store me
Gin Buck,make me a gin buck,make me a Jamba,make me a Geneva,make me a gym box,make me a Jamba Juice
Gin Buck,I wanna jam box,I wanna Jim buck,I wanna Jen buck,I want to Jen buck,I wanna Jen Bach,I want to Jen Bach
Tequila Sunrise,make me a tequila sunrise,make me a Tequila Sunrise
Tequila Sunrise,tequila sunrise,Tequila Sunrise,I like tequila sunrise,like tequila sunrise,like a tequila sunrise,tequila sunrises
Bourbon and Water,make me a bourbon water,make me a bourbon and water,make me a Birmingham water,make me a bird in water,make me a Birmingham Water,make me a bourbon Water
Bourbon and Water,I want to bourbon and water,I want to bourbon in water,I want to Bourbon on water,I want to bourbon and water show
Roy Rogers,I want a Roy Rogers,I want to Roy Rodgers,I want a Roy Rogers show,I want a Roy Rogers die
Roy Rogers,make my android Rogers,make my android Rodgers,make my android Rogers AR,make my android a Rogers,make my android a Rodgers,make my android a Rogers AR
Mind Eraser,I want a mind eraser,I want to my dresser,I want a mind eraser shot,I want to buy a racer,I want to buy a razor,I want to buy racer
Mind Eraser,make me a mind eraser,make me a reminder racer,make me a mind eraser shot,make me a reminder Racer,make me a minor racer,make me a reminder razor
Mint Julep,make me a mint julep,make me a medulla,make me a Medjool a,make me a Medjool A,make me imgur,make me an image to a
Mint Julep,I want a mint julep,I want to mint juleps,I want to Mitsuwa,I want a Medjool a,I want to miss Julia,I wanna miss Julia
Gin and Tonic,make me a gin and tonic,make me a genotype,make me a Gentile,make me a gentleman,make me a genital,make me a a gentleman
Gin and Tonic,I'd like a gin and tonic,I'd like a gentleman,I'd like a genotype,I'd like a gin and tonics,I'd like a general time,I'd like a gin tonics
Cuba Libre,give me a Cuba Libre,give me a Cuba Libre a,give me a Cuba Libre E
Cuba Libre,I like a Cuba Libre,Cuba Libre,I like a Cuba Libre a,I like it Cuba Libre,Viking Cuba Libre,I like a Cuban lyrics
Mojito,give me a mojito,give me a mosquito
Mojito,make me a mojito,making a mojito
Scotch and Soda,make me a scotch and soda,make me a scotch and Soda
Scotch and Soda,what does scotch and soda,what does cotton center,what does scotch and Soda,what does cotton Center,what does cotton 7,I want to Scotland Center
Shirley Temple,make me a Shirley Temple,make me a Shirley temples,make me a Shirley Temple die
Shirley Temple,I want to Shirley Temple,I want a Shirley Temple,I want to Shirley temples,I want to Shirley Temple die,I want to Shirley Temple now
Black Russian,make me a Black Russian,wake me up Black Russian,wake me up a Black Russian,wake me up black Russians,wake me up black Russia,wake me up like Russia
Black Russian,I want a Black Russian,I want a black Russians
White Russian,make me a White Russian,make a White Russian,making a White Russian,make me a white russian,make a white russian,making a white russian
