RumAndCoke.make(),make me a reminder,make me up,make me c**,make me a room,make me over,
RumAndCoke.make(),I want to run in Co,I want to run in cups,I want to running Co,I want to run and Co,I want to run in Cup,I want to run in cold
RumAndCoke.make(),give me a rum and coke,give me a Roman code,give me a run in Co,give me a run and Co,give me a Roman Co,give me a running Co
GinAndTonic.make(),make me a gin and tonic,make me a channel,make me a chance,make me a genotype,make me a joke,
GinAndTonic.make(),gin and tonic,wanted gin and tonic,I want to gin and tonic,I wanted gin and tonic,I want it gin and tonic,
GinAndTonic.make(),give me a gin and tonic,give me a a gin and tonic,,,,
GinAndTonic.make(),engine,consignment,Cogentin,Engine,Canton,
GinAndTonic.make(),I like a gin and tonic,I'd like a gin and tonic,,,,
GinAndTonic.make(),gin and tonic,gin and tonics,gin and tonic please,,,
GinAndTonic.make(),gin and tonic,San Antonio,gin and tonics,,,
GinAndTonic.make(),me a gin and tonic,imagine in time,Emagine Canton,imagine a time,imagine and time,Mia gin and time
GinAndTonic.make(),image in tonic,Imogen tonic,images tonic,Imogen Thomas,imagens tonic,image in Titanic
GinAndTonic.make(),on a gin and tonic,on a genotype,on a gin and tonics,on a tenant on,what a genotype,what a tenant on
GinAndTonic.make(),10 times,10 in time,Canton,can a time,10 ton,
GinAndTonic.make(),tonic,Sonic,atomic,sonic,Nick,Tennessee Sonic
GinAndTonic.make(),gin and tonic,gin and tonics,San Antonio,Jenna time,genotype,jenna time
RumAndCoke.make(),get me a rum and coke,get me a run in Coke,get me a rum and koke,get me around and Coke,get me a Roman Catholic,
RumAndCoke.make(),make a rum and coke for me,make a rum and coke for mi,make a rum and coke army,make a rum and coke for me.,make a rum and coke or mi,make a rum and coke 4 mi
RumAndCoke.make(),I'll try and run in Coke,I'll try and run in cups,I'll try and run in Co,I'll try and coke,I'll try coke,I'll try running Co
RumAndCoke.make(),rum and coke,rum and koke,rum and Coca,Roman code,Roman Coke,remind Coke
WhiteRussian.make(),White Russian,White Russians,white russian,,,
WhiteRussian.make(),White Russian,10 White Russian,10 White Russians,Russian,White Russians,100 White Russian
WhiteRussian.make(),make me a White Russian,,,,,
WhiteRussian.make(),White Russian,cycle White Russian,White Russians,Russian,Michael White Russians,ankle White Russian
WhiteRussian.make(),I'm going to try a White Russian,I'm going to try and white russian,I'm going to try and White Russians,I'm going to try White Russians,I'm going to try and white Russia,how to train a White Russian
WhiteRussian.make(),Russian,directions,Russians,russian,rushing,
WhiteRussian.make(),White Russian,White Russians,white russian,Russian,white Russian,why Russian
WhiteRussian.make(),White Russian,White Russians,white russian,what Russia,Russian,white Russia
Piscola.make(),give me MP skull,give me a piece called,give me MP school,give me a piece of coal,give me mp3 skull,give me in peace called
Piscola.make(),Peace Corps,Peace Corp,Pisco,peace core,peace college,ana Peace Corps
Piscola.make(),hello of Peace Corps,hello Peace Corps,hello MP skull,hello of Peace Corp,Peace Corps,hello Peace Corp
Piscola.make(),peace college,peace call,scholar,Peace Corps,peace called,piece called
Piscola.make(),canopy,canopies call,canopies,canapes call,canapes,canopies College
Piscola.make(),MP skull,peace college,Peet's Coffee,hello MP skull,peace call,Peace Corps
Piscola.make(),I try and Peace Corps,I try and please call,I try and peace call,I try and peace college,I try and Peace cost,I'm trying Peace Corps
Piscola.make(),Peace Corps,peace call,Pisco,Peet's Coffee,peace college,PS call
Piscola.make(),peace call,peace college,Peet's Coffee,peace called,piece called,PS call
Piscola.make(),peace Cola,peace college,peace cola,peace Chola,Pisco lounge,PS Cola
Piscola.make(),Peace Corps,Peace Corp,peace core,school,Pisco,p school
ShirleyTemple.make(),Shirley Temple,wake me up Shirley Temple,Shirley temples,wake me up Shirley temples,Shirley Temple die,wake me up Shirley Temple die
ShirleyTemple.make(),Shirley Temple,Shirley temples,Shirley Temple die,,,
ShirleyTemple.make(),Shirley Temple,Shirley temples,Shirley Temple die,the temple,Shirley Temple now,
ShirleyTemple.make(),get me insured companies,get me insured,get me insured please,please,get me insured temple,get me insured lease
ShirleyTemple.make(),I'm going to try and Shirley Temple,I'm going to try a Shirley Temple,I'm going to try and Shirley temples,I'm going to try in a Shirley Temple,I'm going to try and shirly temple,I'm going to try to a Shirley Temple
Margarita.make(),give me a margarita,give me a reason,give me a marina,give me a Mirena,give me a Rita
Margarita.make(),how bout a mercury,how about a margarita,how bout a margarita,how about a Maria,Maria,how about a murder
Margarita.make(),margarita please,margarita,margarita fleas,mercury to please,margaritas,Macarena please
Margarita.make(),make a margarita,make margaritas,McMurray,MacMurray,make my area
Margarita.make(),margarita,margaritas,Margherita,Margarita,Margarito
Margarita.make(),Maria,Marea,maria,Korea,margarita
Mojito.make(),give me love you,give me love you neyo,give me love you neo,Give Me Love You,give me love ya
Mojito.make(),can I have a mojito,can I have a mosquito,can I have a movie to,can I have a movie dubbed,can I have a movie times
Mojito.make(),make me love you,make me laugh,McNeil,make me that heat,make me love you too
Mojito.make(),I like to order a,I like to order a mojito,I'd like to order a,I'd like to order a mojito,I like to order a liter,I like to order a meter
MintJulep.make(),mint julep,mint juleps,mint julep boutique,mint julep please,mint julep a,mint Julip please
MintJulep.make(),make a mint julep,Mike Mitchell,make Mitchell,anchorman 2,making Mitchell,McMinnville
MintJulep.make(),the mood for Mitchell,Nutramigen,furniture,the mood for Mitchell's,Furniture,mood for Mitchell
MintJulep.make(),China mint julep,China,try and Juliet,Triaminic,try and Julia,Chinaman
MintJulep.make(),mint julep,Angela,Mitchell,vigilant,ninja love
MintJulep.make(),images,Angela,Temecula,Angelo,Mitchell
Screwdriver.make(),screwdriver,screw driver,screwdrivers,driver
Screwdriver.make(),orange juice,Nordstrom,orange Jews,orange trees,oranges
Screwdriver.make(),vodka and orange juice,vodka and orange shoes
Screwdriver.make(),510 orange juice,5 ton orange juice,5 gun orange juice,gun orange juice,510 Orange Juice,5 ton Orange Juice
Screwdriver.make(),the screwdriver,the screw driver,screwdrivers,the screwdrivers,the screw drivers,the screw drive
Screwdriver.make(),screwdriver,screw driver,ice cream cheese,screwdrivers,ice cream,the screwdrivers
Screwdriver.make(),just a screwdriver,this description,just a screw driver,does the screwdriver,Justice Center
WhiskeySour.make(),whiskey sour,whisky sour,give me whiskey sour,give me whisky sour,can whiskey sour,can I whiskey sour
WhiskeySour.make(),make a whiskey sour,whiskey sour,whisky sour,make a whisky sour,making whiskey sours,make a whiskey sours
WhiskeySour.make(),whiskey sour,are,car,whiskey sours,whiskey sour sad,sad
WhiskeySour.make(),whiskey sour,whisky sour,shower,whiskey sours,are,whisky sours
ElectricLemonade.make(),get me an electric company,get me an electric eel,get me an electric oven,get me an electric companies,get me an electric fence,get me in electric oven
ElectricLemonade.make(),wake me up at Electric lemonade,wake me up an Electric lemonade,miss me up an Electric lemonade,wake me up an electric laminate,wake me up an electric,wake me up at Electric laminate
ElectricLemonade.make(),Electric lemonade
ElectricLemonade.make(),Electric lemonade please,Electric lemonade lease,Electric lemonade plea,Electric lemonade Pleas,Electric lemonade cookies,Electric clinic plea
ElectricLemonade.make(),Electric lemonade,Electric lemonade mouth,Electric,Electric lemonade pie,Electric lemonade tea
ElectricLemonade.make(),Electric lemonade,Electric
ElectricLemonade.make(),Electric lemonade,Electric Avenue,Electric,electric,Electric live in,electric. Live in
ElectricLemonade.make(),Electric,Electric Company,electrical,electric,Electrical
OldFashioned.make(),make me an old fashioned,make me old fashioned,make me an old fashion,make me a note,McDonalds
OldFashioned.make(),old fashioned,old fashion,old fashions,old fashioned oats,old fat
OldFashioned.make(),how about no,how bout no,about,hello,how about no Thai
OldFashioned.make(),I'll try an old fashioned,I'll try an old fashion,I'll try a*** casting,I'll try a***,all triangles
OldFashioned.make(),get me an old fashioned,get me an old fashion
ShirleyTemple.make(),do you have anything non alcoholic,do you have anything on alcohol,do you have anything on Oklahoma,do you have anything on El Cajon,do you have anything on alcoholism
ShirleyTemple.make(),make me something without alcohol
ShirleyTemple.make(),something,somethings,something new,Something,something else
ShirleyTemple.make(),something to draw a person,something to draw,address,something to drink,something,something address
ShirleyTemple.make(),inversion drink,inversion Drake,inversion drank,inversions drink,inversion Drink,inversion drunk
ShirleyTemple.make(),no alcohol,Noel,Noelle,new Apple,m***
TequilaSunrise.make(),make me a tequila sunrise,tequila sunrise,Tequila Sunrise,make me a Tequila Sunrise,make me tequila sunrise,naked tequila sunrise
TequilaSunrise.make(),tequila sunrise,Tequila Sunrise,on tequila sunrise,Auto tequila sunrise,all tequila sunrise,on Tequila Sunrise
TequilaSunrise.make(),tequila sunrise,can try to kill someone,can try to kill,Tequila Sunrise,country tequila sunrise,contract killer
MindEraser.make(),reminder Acer,reminder research,one direction,reminder I say,directions,reminder: Acer
MindEraser.make(),try the answer,try the earth,try the minors,the miners,try the miners,try the answer to
MindEraser.make(),make me a reminder,make me a reminder search,make me a reminder for,make me a minor,make me in mind
MindEraser.make(),mind eraser,mind eraser shot
MindEraser.make(),mind eraser,my razr,my razor,mind eraser shot
MindEraser.make(),make me a mind eraser
MindEraser.make(),give me my dresser,get me minors,give me a minors,give me minors,give me a minor,give me a reminder
MindEraser.make(),please,recipes,reminder please,lease,plea,pleased
LongIslandIcedTea.make(),Long Island iced tea,Long Island Iced Tea,on a long island ice tea,how long island ice tea,p**** Long Island iced tea,Long Island iced teas
LongIslandIcedTea.make(),Long Island iced tea,Long Island Iced Tea,bill Long Island iced tea,Long Island iced teas,Bill Long Island iced tea,Long Island ice-t
LongIslandIcedTea.make(),Long Island iced tea,Long Island,Long Island Iced Tea,Long Island iced,Long Island iced teas
LongIslandIcedTea.make(),miss me up a Long Island iced tea,miss me up a long island ice tea,miss me up a Long Island Iced Tea,miss me up a Long Island iced teas,miss me up a long island ice T
LongIslandIcedTea.make(),Long Island iced tea,Long Island Iced Tea,Long Island iced teas,long island ice tea,Long Island City
LongIslandIcedTea.make(),Long Island iced tea,Long Island Iced Tea,Long Island City,long island ice tea,Long Island tea,how long island ice tea
RoyRogers.make(),give me a Roy Rogers,give me a White Rodgers,give me a river otters,give me a Roy Rogers show,give me a Roy Rogers die
RoyRogers.make(),Roy Rogers,Roy Rodgers,Roy Rogers in,Roy Rogers good,Roy Rogers skin,Roy Rogers in skin
RoyRogers.make(),Roy Rogers,Roy Rogers movies,Roy Rogers please,Roy Rodgers,Rogers
MindEraser.make(),make me a mind eraser,make me in mind erasers,make me a reminder racer
MindEraser.make(),make me a reminder,make me a reminder eyes,make me a reminder in,make me a reminder at,make me a reminder ice
