sour,make me something sour,make me something Sauer,make me something Sour,make me something sower,make me some things Sauer,make me some things Sour
sour,make me something sour,make me something Sauer,make me something Sour,make me something sower,make me some things Sauer,make me some things Sour
sour,make me something sour,make me something Sauer,make me something Sour,make me something sower,make me some things Sauer,make me some things Sour
sour,make me a salad drink,make me a sandwich drink,make me a sandwich drank,make me a salad rink,make me a sandwich drinking,make me a salad drinking
sour,make me a salad drink,make me a salad rink,make me a sandwich drink,make me a salad Drink,make me a salad drinking,make me a salad Rink
sour,make me a sandwich drink,make me a sandwich drank,make me a sammich drink,make me a sammich drank,make me a salary drink,make me a sandwich Drink
sour,make me a word,make me at work,make me a river,make me a salary,make me a Salvador,
sour,make me a salad,make me a sandwich,make me a sammich,make me a sad,make me a Sally,
sour,make me a salad or drink,make me a drink,make me a salad drink,make me a salad drank,make me a drank,make me a south drink
sour,make me a cell are drink,make me a cell are drunk,make me a seller drink,make me a salad drink,make me a cell are drinks,make me a seller drank
sour,make me a sandwich,make me a salary,make me a salad,make me a sammich,make me a sound,
sour,make me something sour,make me something,make me something South,make me something south,make me something cell,make me some things south
sour,make me a salad,make me a sandwich,make me sound,make me up,make me a salary,make me on a salary
sour,make me a salad or drink,make me a salad a drink,make me a salad drink,make me a salad drank,make me a south drink,make me a salad train
sour,I want something sour,I want something Sauer,I want something Sour,I want something sower,I want some things Sauer,I want some things Sour
sour,I want something sour,I want something Sauer,I want something Sour,I want something sower,I want some things Sauer,I want some things Sour
sour,I want to sour drink,I want a sour drink,I want to sour drinks,I want a sour drinks,,
sour,I want a sour drink,I want a sour drinks,,,,
sour,I'd like a sour drink,I'd like a sour cream,I'd like a sour drinks,I'd like a sour dream,I'd like a sour cherry,
sour,I'd like something sour,I like something sour,I'd like some things our,,,
sweet,make me something sweet,,,,,
sweet,make me something sweet,,,,,
sweet,make me a sweet drink,make me a sweet dreams,make me a sweet dream,make me a sweet drinks,make me a suite drink,make me a sweep drink
sweet,make me a sweet drink,make me a sweet dreams,make me a sweet dream,make me a sweet drinks,make me a sweet tree,
sweet,make me a sweet dreams,make me a sweet dream,make me a sweet drink,make me a sweet tree,make me a sweet drinks,
sweet,something sweet,Atlanta something sweet,Mike something sweet,,,
sweet,unlike something sweeter,unlike something sweet,unlike something sweet ur,unlike something sweet earth,unlike something sweet Deer,
sweet,sweeter drink,sweet drink,sweeter Drink,sweeter drank,sweeter Drake,sweeter drinks
sweet,get me something sweet,give me something sweet,,,,
bitter,make me something better,make me something bitter,make me some things bitter,make me something to bitter,make me something by bitter,
bitter,maybe something better,make me something better,,,,
bitter,make me a better drink,make me a better to drink,make me a better Drink,make me a better drinks,make me a better drinking,
bitter,make me a better drink,make me a better Drink,make me a better to drink,make me a better drank,make me a builder Drink,make me a builder drank
bitter,make me up dinner drink,make me up dinner drinks,make me up dinner Drink,make me up dinner drank,make me a better Drink,make me a better drank
bitter,make me a better drink,make me up bitter drink,make me a better to drink,make me a picture drink,make me a bitter drink,make me a better Drink
bitter,make me a bitter drink,make me a better drink,make me a better to drink,make me a bitter Drink,make me a bitter drank,make me up a bitter drink
bitter,I want something better,I want something bitter,I want something de ser,I want something deter,I want something that sir,I want some things bitter
bitter,make me something dinner,make me something better,make me something Dinner,make me something Banner,make me something banner,make me some things dinner
carbonated,make me something carbonated,make me some things carbonated,make me something cars,make me something,make me something car,make me something card
carbonated,make me something fizzy,make me some things fizzy,make me something fishy,make me something 50,make me something fizzies,make me something sexy
carbonated,make me something bubbly,make me something probably,make me something public,make me something Publix,make me something published,make me some things probably
carbonated,make me something with carbonation,make me something with combination,make me some things carbonation,make me something was carbonation,make me something with combinations,make me something with carnation
carbonated,make me a carbonated drink,make me a carbonated drinks,,,,
carbonated,make me a fizzy drink,make me a fizzy drinks,,,,
carbonated,make me a bubbly drink,make me a bubbly drank,make me a bubbly Drink,make me a bubbly drinks,make me a public drink,make me a bubbly drinking
carbonated,I want a fizzy drink,I want to fizzy drink,I want a fizzy drinks,I want to fizzy drinks,I want to secede rink,I want a fizzy drink it
carbonated,I want something fizzy,I want some things fizzy,I want something to fizzy,I want something for fizzy,,
carbonated,Lincoln fizzy drink,I like a fizzy drink,Linkin fizzy drink,I'd like a fizzy drink,Lincoln City drink,Lincoln fizzy drinks
carbonated,Mike something City,Mike something fizzy,Mike something sexy,Mike something city,Mike something sissy,somethings City
carbonated,something carbonated,Atlanta something carbonated,somethings carbonated,something's carbonated,sumthing carbonated,something carbon dated
carbonated,I want something carbonated,I want something carbonate,I want something carbones,I want something Carbonite,I want something Carbondale,I want some things carbonated
carbonated,get me something fizzy,get me something sexy,get me something City,get me something fishy,get me something fancy,get me some things fizzy
creamy,make me something creamy,make me something cream,make me something,make me something for me,make me something Creek,make me some things creamy
creamy,make me something cream,make me something Kreme,make me something Cream,make me something creme,make me something crazy,make me some things cream
creamy,what makes something creamy,what makes something cream,what makes something creaming,what makes something creepy,what makes something Kreme,sumthing creamy
creamy,something creamy,creamy,something creaming,something for me,Something free mean,creaming
creamy,I want something creamy,I want something for me,I want something from me,creamy,I want something creaming,creaming
creamy,creamy drink,creamy Drake,creamy drank,creamy train,creamy drinks,creemee drink
creamy,make me something fun supreme,make me something fun to cream,make me something fun Supreme,make me something funny cream,make me something fun to Kreme,make me something fun Kreme
creamy,make me something creamy,make me something preemie,make me something preemies,make me something for me,make me something creaming,make me some things creamy
creamy,I want a creamy drink,I want a creamy Drake,what's a creamy drink,I want to clean the drain,what is a creamy drink,I want a creamy drank
creamy,I want a creampie,I want to cream,I want to cry,I want to clean,I want a cream,what's a cream
creamy,make me a creamy drink,make me a cream drink,make me a creamy drinks,make me a creamy Drink,make me a creamy drank,make me scream drink
creamy,make me a drink and screaming,make me a drink and creamy,make me a drink is creamy,make me a drink in scream,make me a drink that scream,make me to drink is creamy
creamy,make me a drink that scream,make me a drink that screams,make me a drink that cream,make me a drink scream,make me a drink the scream,
alcoholic,make me something strong,make me something stronger,make me something Strong,make me something wrong,make me some things Strong,
alcoholic,make me something strong,make me something stronger,make me something Strong,make me some things Strong,Strong,
alcoholic,make me something,make me something with,make me something with water,make me something with lock,make me something with one,make me something ive
alcoholic,make me something with lots of alcohol,make me something with alcohol,make me something with lots in alcohol,make me something with lots of the alcohol,make me something with lots of alchohol,make me something with lots in alchohol
alcoholic,make me something with lots of liquor,make me something with lots of liqour,make me something with lots of likker,make me something with lots of liqueur,make me something with lots of licker,make me something ive liqueur
alcoholic,make me a strong drink,make me a strong drinks,make me a strong rink,make me a strong Drink,make me a stronger Inc,make me a stronger rink
alcoholic,give me something strong,give me something stronger,give me something Strong,give me some things Strong,give me something to Strong,give me something for Strong
alcoholic,on something strong,on something Strong,somethings wrong,something's wrong,on something wrong,on something stronger
alcoholic,make me strong drink,make me strong drank,make me strong rink,make me strong drinks,make me strong Drink,make me stronger rink
alcoholic,drink that strong,strong,drink strong,drink that Strong,drinks at Strong,drinks and strong
alcoholic,I'd like to drink,I'd like a drink,I'd like a drink that,I'd like a dream,I'd like to drink c**,drink that
none,make me a reminder,make me up,make me c**,make me a room,make me over,
none,I want to run in Co,I want to run in cups,I want to running Co,I want to run and Co,I want to run in Cup,I want to run in cold
none,give me a rum and coke,give me a Roman code,give me a run in Co,give me a run and Co,give me a Roman Co,give me a running Co
none,make me a gin and tonic,make me a channel,make me a chance,make me a genotype,make me a joke,
none,gin and tonic,wanted gin and tonic,I want to gin and tonic,I wanted gin and tonic,I want it gin and tonic,
none,give me a gin and tonic,give me a a gin and tonic,,,,
none,I like a gin and tonic,I'd like a gin and tonic,,,,
none,me a gin and tonic,imagine in time,Emagine Canton,imagine a time,imagine and time,Mia gin and time
none,image in tonic,Imogen tonic,images tonic,Imogen Thomas,imagens tonic,image in Titanic
none,on a gin and tonic,on a genotype,on a gin and tonics,on a tenant on,what a genotype,what a tenant on
none,10 times,10 in time,Canton,can a time,10 ton,
none,get me a rum and coke,get me a run in Coke,get me a rum and koke,get me around and Coke,get me a Roman Catholic,
none,make a rum and coke for me,make a rum and coke for mi,make a rum and coke army,make a rum and coke for me.,make a rum and coke or mi,make a rum and coke 4 mi
none,I'll try and run in Coke,I'll try and run in cups,I'll try and run in Co,I'll try and coke,I'll try coke,I'll try running Co
none,rum and coke,rum and koke,rum and Coca,Roman code,Roman Coke,remind Coke
none,make me a White Russian,,,,,
none,I'm going to try a White Russian,I'm going to try and white russian,I'm going to try and White Russians,I'm going to try White Russians,I'm going to try and white Russia,how to train a White Russian
none,give me MP skull,give me a piece called,give me MP school,give me a piece of coal,give me mp3 skull,give me in peace called
none,hello of Peace Corps,hello Peace Corps,hello MP skull,hello of Peace Corp,Peace Corps,hello Peace Corp
none,I try and Peace Corps,I try and please call,I try and peace call,I try and peace college,I try and Peace cost,I'm trying Peace Corps
none,get me insured companies,get me insured,get me insured please,please,get me insured temple,get me insured lease
none,I'm going to try and Shirley Temple,I'm going to try a Shirley Temple,I'm going to try and Shirley temples,I'm going to try in a Shirley Temple,I'm going to try and shirly temple,I'm going to try to a Shirley Temple
none,give me a margarita,give me a reason,give me a marina,give me a Mirena,give me a Rita,
none,how bout a mercury,how about a margarita,how bout a margarita,how about a Maria,Maria,how about a murder
none,margarita please,margarita,margarita fleas,mercury to please,margaritas,Macarena please
none,make a margarita,make margaritas,McMurray,MacMurray,make my area,
none,give me love you,give me love you neyo,give me love you neo,Give Me Love You,give me love ya,
none,can I have a mojito,can I have a mosquito,can I have a movie to,can I have a movie dubbed,can I have a movie times,
none,make me love you,make me laugh,McNeil,make me that heat,make me love you too,
none,I like to order a,I like to order a mojito,I'd like to order a,I'd like to order a mojito,I like to order a liter,I like to order a meter
none,make a mint julep,Mike Mitchell,make Mitchell,anchorman 2,making Mitchell,McMinnville
none,the mood for Mitchell,Nutramigen,furniture,the mood for Mitchell's,Furniture,mood for Mitchell
none,China mint julep,China,try and Juliet,Triaminic,try and Julia,Chinaman
none,images,Angela,Temecula,Angelo,Mitchell,
none,vodka and orange juice,vodka and orange shoes,,,,
none,510 orange juice,5 ton orange juice,5 gun orange juice,gun orange juice,510 Orange Juice,5 ton Orange Juice
none,make a whiskey sour,whiskey sour,whisky sour,make a whisky sour,making whiskey sours,make a whiskey sours
none,get me an electric company,get me an electric eel,get me an electric oven,get me an electric companies,get me an electric fence,get me in electric oven
none,wake me up at Electric lemonade,wake me up an Electric lemonade,miss me up an Electric lemonade,wake me up an electric laminate,wake me up an electric,wake me up at Electric laminate
none,Electric lemonade please,Electric lemonade lease,Electric lemonade plea,Electric lemonade Pleas,Electric lemonade cookies,Electric clinic plea
none,make me an old fashioned,make me old fashioned,make me an old fashion,make me a note,McDonalds,
none,how about no,how bout no,about,hello,how about no Thai,
none,I'll try an old fashioned,I'll try an old fashion,I'll try a*** casting,I'll try a***,all triangles,
none,get me an old fashioned,get me an old fashion,,,,
none,make me something without alcohol,,,,,
none,something,somethings,something new,Something,something else,
none,something to draw a person,something to draw,address,something to drink,something,something address
none,inversion drink,inversion Drake,inversion drank,inversions drink,inversion Drink,inversion drunk
none,no alcohol,Noel,Noelle,new Apple,m***,
none,make me a tequila sunrise,tequila sunrise,Tequila Sunrise,make me a Tequila Sunrise,make me tequila sunrise,naked tequila sunrise
none,make me a reminder,make me a reminder search,make me a reminder for,make me a minor,make me in mind,
none,make me a mind eraser,,,,,
none,give me my dresser,get me minors,give me a minors,give me minors,give me a minor,give me a reminder
none,miss me up a Long Island iced tea,miss me up a long island ice tea,miss me up a Long Island Iced Tea,miss me up a Long Island iced teas,miss me up a long island ice T,
none,give me a Roy Rogers,give me a White Rodgers,give me a river otters,give me a Roy Rogers show,give me a Roy Rogers die,
none,make me a mind eraser,make me in mind erasers,make me a reminder racer,,,
none,make me a reminder,make me a reminder eyes,make me a reminder in,make me a reminder at,make me a reminder ice,
none,I'd like a mind eraser,Monterey,Monterey CA,I'd like a line array,I'd like a line razor,I'd like a minor razor
none,I'd like a mint julep,I'd like a ninja,Lincoln Ventura,Lincoln Angeles,I'd like a venture,Linkin Ventura
none,I'd like a piece Cola,I'd like a piece cola,I'd like a piece cooler,I'd like a piece Chola,I'd like a piece colour,I'd like a piece of cola
none,I would like a AP Scholar,I would like a Pisco,I would like a AP scores,I would like a AP score,I would like a piece called,I would like a peace called
none,give me electric lemonade,give me an electric lemonade,give me electric Lemonade,give me an electric Lemonade,give me electric limited,give me electric Lebanon
none,give me an electric lemonade,give me an electric,give me an electric eel,give me an electric Lemonade,give me an electric line,give me an electrical Lemonade
none,MS cotton,MP skull,scotch and soda,MS Contin,Scott,Tempe scotch and soda
none,make me a scotch and soda,is cotton center,make me a scotch and Soda,is constant center,is cotton Center,sconsin Center
none,I want a scotch and soda,I want a scotch and Soda,I want a Scott answer,I want a scotch and sirloin,I want a dancer,I want a scotch answer
none,I want to Skype,I wanna scotch and soda,I want a scotch and soda,I want to Scott,I wanna Scott,I want to scotch and soda
none,give me a Birmingham water,give me a river mean in water,give me a Birmingham Water,give me a river otter,water,
none,I want to come in,I want to Brandon,I want to burn in,I want to burn,I want to end,
none,water,I like a virgin and water,I like a permanent water,Water,I like a permanent Water,I like water
none,make me a Birmingham,make me a bird in water,make me a Birmingham water,make me a bird,make me a permanent marker,
none,Havana Cuba Libre,Havana Cuba Libre a,Cuba Libre,Havana Cuba Libra,Havana Cuba libres,Havana Cuba lyrics
none,make me a Cuba Libre,make me a Cuba Libre a,make me a Cuban lyrics,make me cubra libre,make me feel lyrics,make me a cube lyrics
none,make me a Cuba Libre,make me a Cuba Libre a,making a Cuba Libre,Cuba Libre,make a Cuba Libre,make me Cuba Libre
none,make me a Cuba Libre,Cuba Libre,make me a Cuba Libre a,make me Cuba Libre,mechanic you lee Brice,Cuba Libre a
none,I'd like a Cuba Libre,Cuba Libre,I'd like a Cuba Libre a,Cuba Libre a,I like it Cuba Libre,I'd like a Cuban lyrics
none,make me a pisco sour,pisco sour,power,make me a pizza power,make me a piece power,
none,give me a pisco sour,give me a Pisco Sour,give me a pisco sours,,,
none,make me a pisco sour,make me a Pisco Sour,make me a piece of summer,make me a pisco sours,McNeil a pisco sour,MacNeal a pisco sour
none,give me a pisco sour,give me a few hours,give me a few hour,give me a pisco sours,can a pisco sour,a pisco sour
none,make me a dark and stormy,dark and stormy,make a dark and stormy,make me a dark and stormy night,make me dark and stormy,make me a darkened storm
none,give me a dark and stormy,dark and stormy,give me a dark and stormy night,a dark and stormy,can a dark and stormy,dark and stormy night
none,make me a dark and stormy,make me a darkened story,make me an Arkansas,making a dark and stormy,make me a darkened Story,darken story
none,like a gin,kitchen,kitchen f***,like a gin buck,like a jinn,jinn
none,make me itch in bulk,make me itch in buck,make me a gym buck,make me itch in box,make me a Jambox,make me a chicken pox
none,make me a gin buck,midget f***,Imogen Bach,midget Bach,Imogen buck,midget buck
none,I want to gin buck,Genbook,I want to JNB up,I want to Jen book,I want to Jen bucks,I want to gin book
none,McMechen Bach,make me a channel lock,McMechen box,McMechen Bock,McMechen Bok,make me a channel Bach
none,give me a gin Rickey,give me a gin wiki,give me a Jinchuuriki,give me a chance Ricky,,
none,make me a gin Rickey,McMansion Ricky,McMansion wiki,McMechen Ricky,McMansion Rocky,McMechen wiki
none,I want to gin Rickey,I want to Jen Ricky,I want to Jen rookie,I want to Jen Rocky,I want to gin review,I want to Jen review
none,like a Tom Collins,"Canton,",Lincoln Town Car,Canton college,Lincoln Tunnel,
none,make me a Tom Collins,Lake Minnetonka,,,,
none,give me a Moscow Mule,Moscow Mule,give me a Moscow,Moscow,give me a Moscow mules,give me a mosque
none,p******,porn hub,I wanna,on you,on,on on
none,I want to Moscow Mule,I want to,I want to you,I want to come you,I want to see you,
none,make me a tonic,wake me up at onyx,make me a pic,wake me up at a time,make me a good time,
none,McNeil Arkansas,McNeil,MacNeal,wake me up,make me,wake me
none,I want a Black Russian,I want a black Russians,I want a black Russia,I want is a Black Russian,,
none,make me a Black Russian,take me to a Black Russian,make me black Russians,take me in,wake me in,
none,I'd like a Black Russian,I'd like a black Russians,I'd like a black person,I'd like a black Russia,,
none,give me a Black Russian,give me a black Russians,,,,
none,Macy engine,Macy engines,Macy engine block,Macy Engine,Macy's engine,Macy inches
none,make me a gym,make me a joke,make me a gin buck,make me a gin,make me itch,make me a gym buck
none,make me a gin buck,make me a gin,make me a ginger,make me a jinn,make me a GYN,
none,I like engine block,I like engine buck,I like in gin buck,I like engine Buck,I like engine knock,I like engines buck
none,get me a gin buck,get me a juicebox,get me engine block,get me engine knock,get me a gin Bach,get me a jinn Bach
sweet,Black Russian women Sweden,Black Russian Sweden,Black Russian sweet enough,Black Russian women sweetener,Black Russian women sweet enough,Black Russian
sweet,apocryphal is too sweet,APAC Russians to sweet,APAC Russian is too sweet,Aflac Russians to sweet,map pack Russians to sweet,Aflac Russian is too sweet
sweet,my Black Russian women sweetheart,my Black Russian women sweetener,Black Russian women sweetheart,my Black Russian was in Sweden,my Black Russian wasn't sweetener,my Black Russian woman sweetener
sweet,my Black Russian was too sweet,my black Russians to sweet,my black Russians too sweet,my black Russians to suite,my black Russians 2 suite,my black Russians to Sweet
alcoholic,Black Russian women strong enough,my Black Russian women strong enough,,,,
alcoholic,Dr Christian is too strong,Dr questions too strong,Dr Christians too strong,Dr Christians to strong,Russian is too strong,Dr Christian's too strong
creamy,Aflac Russian wasn't man enough,Aflac Russian wasn't Indiana,APAC Russian wasn't man enough,Aflac Russian was in Indiana,APAC Russian wasn't Indiana,APAC Russian was in Indiana
creamy,black Russians to creamy,black Russians to cream,Black Russian into cream,black Russians to Kreme,Black Russian is 23 me,Black Russian into Kreme
sweet,White Russian wasn't sweetener,White Russian with me tonight,White Russian sweetener,White Russian sweet enough,White Russian with sweet in a,White Russian with Selena
sweet,that went mission is too sweet,that way Russians to sweet,that one directions to sweet,that way to Russians to sweet,Russians to sweet,that way Russians to suite
alcoholic,fat white women with pretty week,fat white women with pretty Week,fat white women with pretty weak,fat white women with pretty eyes week,that might Marshalls pretties week,that might Marshalls prettier week
alcoholic,Pat White Russians be weaker,Pat White Russians the week,Pat White Russians the weaker,Pat White Russians The Weeknd,Pat White Russians the weekend,Pat White Russian be weaker
creamy,White Russian wasn t me enough,White Russian wasn t me a nap,White Russian wasn t me enuff,White Russian wasn t me not,White Russian wasn t me or not,White Russians wasn t me enough
creamy,White Russian very creamy,White Russian hairy creamy,White Russian Mary cream,White Russian hairy cream,White Russian married Remi,White Russian very cream
sweet,at home fashions was in Sweden,at home fashions in Sweden,at home fashions wasn't sweetener,Pantone fashion was in Sweden,Pantone fashion wasn't sweetener,at home fashion was in Sweden
sweet,at home fashions very sweet,at home fashion very sweet,at home fashions very suite,at home fashions very Suite,at home fashions very sweet tea,at home fashion is very sweet
alcoholic,Atlanta fashion boots 2 week,that on fashion police 2 week,Atlanta fashion with two week,that on fashion police two week,Atlanta fashion boots two week,Atlanta fashion boots 2 weeks
alcoholic,that old fashioned is too strong,that old fashions is too strong,adult fashions is too strong,that old fasioned is too strong,that on fashions is too strong,that old fashined is too strong
bitter,Adult Detention Center,adult rash in winter,adult rash in inner,Adult Detention Center not,adult rash in inner thigh,Adult Detention Center North
bitter,adult attention to better,adult attention 2 better,adult attention to bed,adult attention to dinner,adult attention to banner,
sweet,whiskey sour wasn't very sweet,whiskey sour a wasn't very sweet,do whiskey sour wasn't very sweet,whiskey sour suite,whiskey sour Aries suites,whiskey sour sweet
sweet,that was the sower is very sweet,that was the sour is very sweet,that was Keith Harrow is very sweet,that was the Pharaoh is very sweet,that was bizarre is very sweet,that was the sower is very suite
alcoholic,that whiskey sour Tron,that whiskey sour wasn't Ron,that whiskey sour wasn't Rana,that whiskey sour strong,that whiskey sour wasnt Rana,that whiskey sour wasn't strong
alcoholic,that whiskey sour is too strong,that whiskey sours to Strong,that whiskey sour with to Strong,that whiskey sour is to Strong,that whiskey sours to stronger,that whiskey sour to Strong
sour,episkey sour was in Santa Ana,episkey Sauer was in Santa Ana,episkey Sour was in Santa Ana,episkey Center was in Santa Ana,episkey Center 1 sour,episkey center was in Santa Ana
sour,whiskey sour Rosemary's hour,whiskey sour rosemary sour,whiskey sour rosemary Sauer,whiskey sour rosemary Sour,whiskey sour Rosemary's our,whiskey sour Rosemary's sour
sweet,the gin Rickey wasn't sweet enough,the gin Rickey wasn sweet enough,the gin Rickey was in sweet enough,the gin review wasn't sweet enough,the gin Rickey wasn't sweetener,the gin Rickey wasn't suite in F
sweet,the gin Rickey shouldn't be so sweet,the gin rickeys shouldn't be so sweet,the gin Rickey shouldn't be 6 weeks,the gin Rickey shouldn't be sweet,the gin Rickey shouldn't be so Suite,the gin Rickey shouldn't be 6 week
alcoholic,that gin Rickey was not alcohol,that gin Rickey was not an alcoholic,that gin Rickey was not an alcoholic anon,that gin Rickey was not alcohol content,that gin Rickey was not alcoholic anon,that gin Rickey was not an alcoholic anonymous
alcoholic,gin Rickey is too strong,gin rickeys to Strong,generic used to Strong,generic use to Strong,gin Rickey to Strong,gin Rickey used to Strong
sour,gin Rickey 1 hour,Janicki 1 hour,gin Rickey,gin Rickey power,Jimmy Fallon,gin Rickey one hour
sour,the gin Rickey should be less sour,the gin Rickey should be less power,Dictionary should be less sour,the gin Rickey should be less hours,degenerative should be less sour,dictionary should be less sour
carbonated,the gin Rickey was in Indiana,the gin Rickey what is enough,the gin Rickey was Indiana,the gin Rickey was in the Siena,the gin Rickey was in the NFL,the gin review was in Indiana
carbonated,gin Rickey was to carbonated,the gin Rickey was to carbonated,gin Rickey was too carbonated,the gin Rickey was too carbonated,Janicki was to carbonated,Janicki was too carbonated
sweet,Electric lemonade very sweet,Electric lemonade Aries suites,Electric lemonade freeze meat,dielectric 18 very sweet,Electric lemonade Perry's meat,dielectric 98 very sweet
sweet,Electric lemonade shouldn't be so sweet,Electric lemonade shouldn't BCS Sweet,Electric lemonade shouldnt BCS Sweet,Electric lemonade shouldn't be so Suite,Electric lemonade shouldn't be since we,Electric lemonade shouldn't be 6 weeks
alcoholic,Electric lemonade stand strong,Electric lemonade and strong,Electric lemonade strong,Electric lemonade Strong,Electric lemonade frozen Strong,Electric lemonade stand strong enough
alcoholic,Electric lemonade is too strong,the electric Naples to Strong,electric Naples to Strong,do you have to clean a is too strong,Electric Company is too strong,electric companies is too strong
sour,the electric man in a very sour,the electric man it was in Paris tower,the electric man it was in Paris hour,the electric man in Paris tower,the electric man in Paris hour,the electric man it was in Paris power
sour,Electric my name is really sour,dielectric my name is really sour,the electric my name is really sour,electric my name is really sour,Electric my name is really Sauer,Electric my name is really Sour
sweet,Long Island iced tea wasn't sweetener,Long Island Iced Tea wasn't sweetener,Long Island iced tea sweet,Long Island iced tea sweet nothing,Long Island iced tea sweetness,Long Island iced tea wasn't sweet
sweet,my Long Island iced tea is too sweet,my Long Island iced tea was too sweet,my Long Island iced teas too sweet,my Long Island iced tea with 2 suite,my Long Island iced tea with too sweet,my Long Island iced teas to suite
alcoholic,my Long Island Iced Tea have enough alcohol,my Long Island iced tea have enough alcohol,my Long Island iced teas Avenue El Cajon,my Long Island iced tea Avenue El Cajon,my Long Island Iced Tea Avenue El Cajon,my Long Island iced tea to Avenue El Cajon
alcoholic,my Long Island iced tea should have been week,my Long Island iced tea should have been weak,my Long Island iced tea should have been Rica,my Long Island iced tea should have been leaked,my Long Island iced tea should have been Week,my Long Island iced tea should a fan week
sour,Long Island iced tea should be more sour,Long Island iced tea should be more salary,Long Island iced tea should be more Sauer,Long Island iced tea should be more sound,Long Island iced tea should be more Sour,
sour,Long Island iced tea 2000,Long Island iced teas to self,Long Island iced teas to sell,Long Island iced tea Tucson,Long Island iced tea 27,
carbonated,Long Island iced tea was Indiana,Long Island iced tea was in Indiana,Long Island iced tea wasn't enough,Long Island iced tea was in the NFL,Long Island Iced Tea wasn't enough,Long Island iced tea was in Siena
carbonated,Long Island iced teas to bubbly,Long Island iced teas to Bob Lee,Long Island iced teas to Bob ley,Long Island iced teas to Buckley,Long Island iced teas to Bali,
sweet,Moscow Mule mugs in Sweden,Moscow Mule mugs and Suites,Moscow Mule 1300,Moscow Mule Sweden,Moscow Mule,
sweet,Moscow Mule shouldn't be so sweet,Moscow mules shouldn't be so sweet,Moscow Mule shouldn't be so Suite,Moscow Mule shouldn't be so sweet I,Moscow mules shouldn't be so Suite,Moscow Mule in shouldn't be so sweet
alcoholic,Moscow Mule 2 week,Moscow Mule what is 2 week,Moscow Mule two week,Moscow Mule is 2 week,Moscow Mule is too weak,Moscow Mule is two week
alcoholic,Moscow Mule shouldn't have so much alcohol,Moscow mules shouldn't have so much alcohol,Moscow Mule shouldn't have alcohol,Moscow Mule shouldn't have so much alchohol,Moscow News shouldn't have so much alcohol,Moscow mules shouldn't have alcohol
sour,Moscone new tower,Moscow new tower,Moscow Mule in Santa Ana,Moscone new tower in a,Moscow Niall Horan,Moscone new towers
sour,Moscow Mule to sell for me,Moscow Mule to set alarm for me,Moscow Mule to self from me,Moscow mules to sell for me,Moscow mules to set alarm for me,Moscow Mule to send me
carbonated,Moscow Mule what is enough,Moscow Mule Xena,Moscow Mule what is in a,Moscow Mule what is en a,Moscow Mule Zena,Moscow Mule mugs Xena
carbonated,Moscow Mule is 250,Moscow mules is 250,Moscow Mule is 2:50,Moscow Mule is to 50,Moscow Mule ways to 50,Moscow mules 2:50
sweet,the running who wasn't very sweet,The Running who wasn't very sweet,the Roman who wasn't very sweet,the run in who wasn't very sweet,the running who was in suite,the running who wasn't very sweet tea
sweet,running way too sweet,what running way too sweet,running way to sweet,what running way to sweet,running way to suite,what running way to suite
alcoholic,that running needs more alcohol,that running brook needs more alcohol,that run in needs more alcohol,that run Inn needs more alcohol,that run into needs more alcohol,that running needs more alchohol
alcoholic,the running coach be weaker,the running coach the weaker,the running coach of the week,the running coach be weak,the running coach The Weeknd,the running coach the week
carbonated,my running who was in carpet is enough,my running who was in competition,my running who was in carbon is enough,my running who was in competition up,my running who was in competition on,my running who was in competition Us
carbonated,Myron cope with two carbonated,my running to carbonated,Myron cope with to carbonated,Myron cope with 2 carbonated,Myron to carbonated,Myron's to carbonated
sweet,Tom Collins wasn't very sweet,Tom Collins was very sweet,Tom Collins wasn't very suite,toms pawn wasn't very sweet,Tom Collins wasn't very Suite,Tom Collins wasn't very sweet tea
sweet,Tom Collins was really sweet,Tom Collins was really suite,Tom Collins was really Suite,Tom Collins was really sweet tea,Tom Collins was released suite,Tom Collins was released Suite
alcoholic,Tom Collins didn't have enough alcohol,Tom Collins doesn't have enough alcohol,Tom Collins does not have enough alcohol,Tom Collins didn't have enough alchohol,Tom Conti didn't have enough alcohol,Tom Collins didn't have enough to haul
alcoholic,the Tontons is too strong,the Tontons for is too strong,the Tontons to Strong,the Tontons was to Strong,the Tontons pearls to Strong,the Tontons with to Strong
sour,Tom Collins was in Fahrenheit,Tom Collins was in farenheit,Tom Collins wasn't hour and a half,Tom Collins wasn't Sauron,Tom Collins how are in a,Tom Collins weather how are in a
sour,Tom Collins is way too sour,Tom Collins way too sour,Tom Collins way to seller,Tom Collins way to store,Tom Collins way to cellar,Tom Collins way to say
carbonated,the Tom Collins carbones Edina,the Tom Collins was in carbonated in a,the Tom Collins was in carbonated,the Tom Collins was in carbonated enough,the Tom Collins was in carbonated Ana,the Tom Collins carbonated in a
carbonated,the town homes had too many bubbles,the townhomes had too many bubbles,the temptones had too many bubbles,the dump on had too many bubbles,the dump Hans had too many bubbles,Hans had too many bubbles
sweet,the screwdriver with sweet enough,the screw driver license Louisiana,the screw driver license WI tonight,the screw driver license Rihanna,the screwdriver with me tonight,
sweet,screwdrivers too sweet,screwdrivers to sweet,screwdrivers 2 suite,the screwdrivers too sweet,screwdrivers to suite,screwdrivers to Sweet
alcoholic,screwdrivers very weak,screwdrivers berry week,the screwdrivers very weak,screw drivers berry week,screwdriver with very weak,screwdrivers very Week
alcoholic,screwdrivers too strong,screwdrivers to strong,screwdrivers to Strong,screw drivers too strong,screwdrivers to stone,screw drivers to strong
sour,the screwdriver was in town,the screwdriver 1000,the screwdriver 1 sound,the screwdriver 1 south,the screwdriver 1 salary,the screwdriver in was in town
sour,my screwdrivers to self,my screwdriver to self,my screw drivers to self,my screwdrivers to sell,screwdrivers to self,my screwdrivers to cell
sweet,fat people very sweet,that people very sweet,very sweet,fat people very suite,fat people Terry Smith,fat people Terry suite
sweet,Peace Corps shouldn't be that sweet,peaceful shouldn't be that sweet,Pisco shouldn't be that sweet,peacecorps shouldn't be that sweet,Peace Corps shouldn't be that suite,Peace Corps shouldn't be that Suite
alcoholic,MP skull strong,MP skull stronger,MP skull whats the strongest,happy School strong,MP skull what is strong,MP skull what is stronger
alcoholic,tattoo school is too strong,tattoo schools to Strong,,,,
carbonated,the Peace Corps needs more bubbles,MP skull needs more bubbles,the peace core needs more bubbles,the Peace Corps needs more Bubbles,MP skull needs more Bubbles,the Peace Corps needs more bottles
carbonated,MP skull was too busy,MP skull is too busy,the Peace Corps was too busy,MP skull is 250,the Peace Corps is too busy,Tempe schools was too busy
sweet,vodka tonic wasn't very sweet,define catatonic wasn't very sweet,vodka tonic wasn't very suite,vodka tonic wasn't very Suite,define catatonic wasn't very suite,vodka tonic wasn't very sweet tea
sweet,vodka tonic is too sweet,vodka tonic is 2 suite,vodka tonic is to suite,vodka tonic is to Sweet,vodka tonic is to Suite,vodka tonic is 2 Suite
alcoholic,vodka tonic needs more alcohol,vodka tonic me tomorrow,vodka tonic needs more,vodka tonic needs more alcoholic,vodka tonic needs more alchol,vodka tonics me tomorrow
alcoholic,vodka tonic what is way too strong,vodka tonic is way too strong,vodka tonic was way too strong,Batman katana was way too strong,vodka tonics was way too strong,vodka tonic was way to Strong
sour,vodka tonic went sour,define catatonic wasn't Sauer,vodka tonic wasn't Sauer,define catatonic wasn't Sour,vodka tonic wasn't Sour,vodka tonic went Sauer
sour,Fontana to self,fat pocket on a tooth out,fat pocket on a 2000,Fontana to sell,Fontana to sale,fat Fontana to self
carbonated,vodka tonic needs more carbonation,,,,,
carbonated,vodka tonic is 250,vodka tonic with two fish,vodka tonic with two faces,vodka tonic with 26,vodka tonic with to fish,vodka tonic is to fish
sweet,Pisco Sour was in Sweden,pisco sour was in Sweden,Pisco Sour was in Swedish,pisco sour was in Swedish,Pisco Sour was in sweet,pisco sour was in sweet
sweet,the Pisco Sour is very very sweet,Pisco Sour is very very sweet,pisco sour is very very sweet,the pisco sour is very very sweet,pisco sour with very very sweet,the pisco sour with very very sweet
alcoholic,pisco sour should be strong,pisco sour should be stronger,pisco sour should the strong,pisco sour should be Strong,the PJs go sour should be strong,pisco sour should be strong for
alcoholic,Pisco Sour needs to be weaker,pisco sour needs to be weaker,pisco sours needs to be weaker,Pisco Sour needs to be liquor,pisco sour needs to be liquor,Pisco Sour needs to be wicker
sour,Pisco Sour needs to,pisco sour needs to,pisco sour,Pisco Sour need,Pisco Sour need to,pisco sour need
sour,pisco sour Tucson,Pizza sounds to self,pisco sour 27,pisco sour is 27,Pisco Sour to self,Pisco Sour me to self
sweet,margarita with sweet,margarita with weed,margarita with suites,margarita with suite,margarita,
sweet,my margarita is too sweet,my margaritas to sweet,my margaritas 2 suite,my margaritas is too sweet,my margaritas to suite,my Margarito is too sweet
alcoholic,my margarita should have been stronger,my margaritas should have been stronger,my margaritta should have been stronger,my margharita should have been stronger,my margarita should have been strong,my margarita should have been stronger a
alcoholic,my margarita needs to be weaker,my margaritas needs to be weaker,buy margaritas needs to be weaker,my mind reading needs to be weaker,my mind reader needs to be weaker,my margarita needs to be weekend
sour,margarita with Corona,margarita with a corona,margarita what are in a,Margarito what are in a,Margarida what are in a,margarita with sirens
sour,margaritas to sour,margaritas to Sauer,margaritas to Sour,margaritas to sower,margaritas to seller,
sweet,Arkansas hunting license,Arkansas,Tarkan swimming lessons,darken swimming lessons,Arkansas running speed,Arkansas hunting licence
sweet,constraints too sweet,constraints to sweet,constrain too sweet,constraints 2 suite,scream 2 suite,constrain to sweet
alcoholic,13 stories didn't have enough alcohol,13 stories didn't have alcohol,13 stories did not have enough alcohol,13 stories didn't have an alcohol,13 stories didn't have enough alchohol,13 stories didn't have alchohol
alcoholic,dark and stormy way too much alcohol,dark and stormy way too much alchol,dark and stormy way too much alchohol,dark and stormy way too much alcohol cause,dark and stormy way too much alcohal,
carbonated,Target store in the needs more carbonation,Duncan store in the needs more carbonation,drunken store in the needs more carbonation,Target store in the needs more combination,Duncan store in the needs more combination,Target store in the needs more combinations
carbonated,dark and stormy shouldn't have so much carbonation,dark and stormy shouldn't have so much for the nation,dark and stormy shouldn't have so much for the nations,dark and stormy shouldn't have so much for the Nation,dark storm shouldn't have so much carbonation,dirty story shouldn't have so much carbonation
sweet,the gin buck was in Sweden,the gin buck with me tonight,the gin buck with sweet enough,the gin buck was in Swedish,the gym equipment sweetener,the gin buck wasn't sweetener
sweet,fat teen f*** is too sweet,fat teen f*** is 2 suite,fat teen f*** is too sweetie,fat teen f*** is to suite,fat teen f*** is to Sweet,fat teen f*** is to Suite
alcoholic,Ginbot,gin buck,Ginbot DC,gin bucket list,that's in the Beast,Ginbot Beast
alcoholic,patent ductus to be weaker,patent ductus the weaker,inductive to be weaker,Dotson puppies to be weaker,that's inductees to be weaker,tattooed on his to be weaker
carbonated,Gymbox needs to be sexier,Gymbox needs to pieces,Jim buck needs to be sexier,Gymbox needs to pee,Jim buck needs to pieces,Genbook needs to be sexier
carbonated,regions should be so busy,the gin should be so busy,Regions Bank should be so busy,engine should be so busy,region should be so busy,regions should be so easy
sweet,tequila sunrise very sweet,Tequila Sunrise lesson 3 suite,tequila sunrise Pleasant Prairie Sweet,Tequila Sunrise lesson 3 speed,Tequila Sunrise legendary suite,tequila sunrise Pleasant Prairie Street
sweet,Tequila Sunrise is way too sweet,tequila sunrise is way too sweet,tequila sunrises way too sweet,tequila sunrises way to sweet,tequila sunrises way to suite,Tequila Sunrise the way too sweet
alcoholic,Tequila Sunrise should be stronger,,,,,
alcoholic,tequila sunrise,Tequila Sunrise,tequila sunrise wasn't,tequila sunrise was,tequila sunrise wasnt,tequila sunrise what
sour,tequila sunrise,Tequila Sunrise,,,,
sour,tequila sunrises to sour,tequila sunrises to center,tequila sunrises to self,tequila sunrises to Center,tequila sunrises 27,Tequila Sunrise to sour
alcoholic,bourbon and water should be,bourbon and water should be me,bourbon and water should be you,bourbon and water should be with,the Bourbon in water should be,bourbon in water should be
alcoholic,bourbon and water wizz to alcohol,bourbon and water wizz to El Cajon,bourbon and water Vista to alcohol,bourbon and water wizz to alcoholic,bourbon and water wizz to alcoholics,bourbon and water wizz to alchohol
sweet,the Roy Rogers should be sweeter,,,,,
sweet,the Roy Rogers is too sweet,the Roy Rogers was too sweet,the Roy Rogers too sweet,the Roy Rogers Bros 2 suite,the Roy Rogers 2 suite,the Roy Rogers was 2 suite
carbonated,Roy Rogers needs more carbonation,Roy Rogers needs more combination,Roy Rogers needs more combinations,Roy Rogers needs mark combination,Roy Rogers needs mark combinations,Roy Rogers needs Mark combination
carbonated,Roy Rogers should be less carbon,Roy Rogers should be less carpet,Roy Rogers should be less carbs,Roy Rogers should be less Carbon,Roy Rogers should be less carpet Inn,Roy Rogers should be left Carbon
sweet,remind a raise in Sweden,reminder restaurants in Sweden,remind a race was in Sweden,remind a razor was in Sweden,reminder race was in Sweden,remind restaurants in Sweden
sweet,make me a sweet Black Russian,make me a sweep Black Russian,make me a suite Black Russian,make me a sweet black Russians,make me a sweetie Black Russian,make me a sandwich Black Russian
sweet,make me a Black Russian sweet,make me a Black Russian,make me a Black Russian suite,make me a Black Russian tweet,make me a black Russians suite,
alcoholic,make me a strong Black Russian,make me a strong black Russians,make me a stronger Black Russian,make me a strong black Russia,make me a stronge Black Russian,make me a strong black rush in
alcoholic,wake me up Black Russian with lots of alcohol,make me up Black Russian with lots of alcohol,wake me up Black Russian with lots of alchohol,make me up Black Russian with lots of alchohol,wake me up Black Russian with lots of alcohols,make me up Black Russian with lots of alcohols
creamy,make me a creamy Black Russian,make me a creamy black Russian,make me a creamy black Russians,make me a creamy black Russia,make me a creamy black rush in,
creamy,make me a Black Russian with lots of cream,make me a Black Russian supreme,make me a Black Russian Supreme,make me a Black Russian cream,make me a Black Russian the cream,
sweet,I'd like a sweet white russian,I'd like a sweet White Russian,I'd like a suite White Russian,I'd like a sweet White Russians,I'd like a sweet white Russia,I'd like a suite White Russians
sweet,make me a sweet white russian,make me a sweet White Russian,make me a suite White Russian,make me a sweep White Russian,make me a sweet White Russians,make me a suite White Russians
alcoholic,make me a strong White Russian,make me a strong white russian,make me a stronge White Russian,make me a stronger White Russian,make me a straw White Russian,make me a strong White Russians
alcoholic,like a strong White Russian,like a strong white russian,like a strong acid,like a stronge White Russian,like a strong white recipe,like a strong White Russians
creamy,make me a creamy white russian,make me a creamy White Russian,make me a creamy white recipe,make me a creepy White Russian,make me a creamy white recipes,make me a creamy white Russia
creamy,I want to create a White Russian,I want to cry me a White Russian,I want a creamy white russian,I want a creamy a White Russian,I want to clean a White Russian,I want a creamy white Russia
sweet,make me a sweet old fashioned,make me a sweet old fashion,make it sweet old fashioned,make me a sweet old fashions,make me a suite old fashioned,make me a sweep old fashioned
sweet,I like a sweet old fashioned,I like a sweet old fashion,I like a sweet old fashions,I like is a sweet old fashioned,I like is a sweet old fashion,I like is a sweet old fashions
alcoholic,I want a strong old fashioned,I want a strong old fashion,I want a strong willed fashion,I want a strong willed fashions,I want a strong fashions,I want a strong willed Fashion
alcoholic,I want an old fashioned make it strong,I want an old fashioned make it stronger,I want an old fashioned make its wrong,I want an old fashioned Megatron,I want an old fashioned make a strong,I want an old fashioned in make it strong
bitter,I want a bitter old fashioned,I want a bitter old fashion,I want a better old fashioned,I want a better old fashion,I want a bitter old fashions,I want to bitr old fashioned
bitter,like a bitter old fashioned,I like a bitter old fashioned,like a bitter old fashion,I like a bitter old fashion,like a better old fashioned,I like a better old fashioned
sweet,like a sweet whiskey sour,like a sweet whisky sour,like a suite whisky sour,like a suite whiskey sour,Leica suite whisky sour,Leica suite whiskey sour
sweet,I want a sweet whiskey sour,I want to sweet whiskey sour,I want to sleep with the sower,,,
alcoholic,like a strong whiskey sour,I like a strong whiskey sour,like a strong whisky sour,I like a strong whisky sour,like a stronge whiskey sour,stronge whiskey sour
alcoholic,I want a strong whiskey sour,I want a strong whisky sour,I want a stronge whiskey sour,I want a strong with the sower,I want a stronge whisky sour,
sour,I'd like a sour whiskey sour,I'd like a sour whiskey sours,I'd like a shower with the sower,I'd like a shower with you,I'd like a a sour whiskey sour,I'd like a shower with diesel
sour,like a sour whiskey sour,like a a sour whiskey sour,Leica a sour whiskey sour,like a shower with the sower,likea a sour whiskey sour,Michael a sour whiskey sour
sweet,I want to switch in Ricky,I want to switch and Ricky,I want to Sweet Chin Rickey,I want to switch in wiki,I want to switch in Reiki,I want to switch in Rickey
sweet,make me a sweet gin Rickey,make me a suite gin Rickey,make me a sandwich in wiki,make me a sandwich in Ricky,make me a sandwich in Rocky,make me a sandwich in Ricki
alcoholic,I want a strong gin Rickey,I want a strong gin Ricky,I want a strong gen Ricky,I want a strong Jen Ricky,I want a strong engine Ricky,I want a stronge gin Rickey
alcoholic,Vigen Ricky make it strong,virgin Ricky make it strong,Virgin Ricky make it strong,vagina Ricky make it strong,Vigen Ricky make it stronger,urgent Ricky make it strong
sour,I have a sour gin Rickey,how have a sour gin Rickey,I have a sour gin Ricky,how have a sour gin Ricky,I have a sour gen Ricky,I have a sour GYN Ricky
sour,make me a sandwich and Ricky,make me a sandwich in Reiki,make me a sandwich in Ricky,make me a sandwich in Rocky,make me a sandwich in reg E,
carbonated,I want a fizzy gin Rickey,I wanna fizzy gin Rickey,I want to see the gin Rickey,I want to fizzy gin Rickey,I want to 50 gin Rickey,I want to visit gin Rickey
carbonated,make me a carbonated gin Rickey,make me a carbonated jenneke,make me a carbonated gen Ricky,make me a carbonated Jen Ricky,make me a carbonated Ricky,make me a carbonated Jenna Ricky
sweet,make me a sweet Electric lemonade,make me a suite Electric lemonade,make me a sandwich Electric lemonade,make me a sweep Electric lemonade,make me a sweet Electric Lemonade,make me a sweet electric Lemonade
sweet,call have an electric lemonade,call have an electric lemonade sweet,call have an electric lemonade and Suites,call have an electric lemonade suite,call have an electric lemonade and sweet,call have an electric laminated sweet
alcoholic,make me an Al coholic,make me an Al coholic a,make me an Al coholic A,,,
alcoholic,make me a strong electric lemonade,make me a strong electric Lemonade,make me a strong electric limited,make me a strong electric laminated,make me a strong electric Limited,
sour,make me a star electric lemonade,make me a star electric,make me a star electric lemon,make me a star electric limit,make me a star electric women,
sour,all have a sour Electric lemonade,all have a sour electric Lemonade,all have a sour electric limited,all have a sour Electric Lemonade,all have a sour Electric limited,all have a sour electric Limited
sweet,make me a sweet Long Island iced tea,make me a suite Long Island iced tea,make me a sweet long island ice tea,make me a sweep Long Island iced tea,make me a suite Long Island Iced Tea,make me a suite Long Island ice-t
sweet,I have a sweet Long Island iced tea,I have a suite Long Island iced tea,I have a sweet long island ice tea,I have a suite Long Island Iced Tea,I have a sweet Long Island Iced Tea,I have a sweet long island ice T
alcoholic,get me a strong Long Island iced,get me a strong Long Island,get me a strong Long Island iced tea,get me a strong long island ice,get me a strong Long Island ice,get me a stronge Long Island
alcoholic,I want a strong Long Island iced tea,I want a strong long island ice tea,I want a strong Long Island Iced Tea,I want a stronger Long Island iced tea,I want a strong is Long Island iced tea,I want a stronge Long Island iced tea
sour,give me a sour Long Island iced tea,give me a sour long island ice tea,give me a sour Long Island Iced Tea,give me a sourdough Long Island iced tea,give me a sour Long Island iced teas,give me a sour long island ice T
sour,make me a star Long Island iced tea,make me a salad Long Island iced tea,make me a star Long Island Iced Tea,make me a star Long Island ice-t,make me a sound Long Island iced tea,make me a star Long Island iced teas
carbonated,make me a fizzy Long Island iced tea,make me a fizzy long island ice tea,make me a physio Long Island iced tea,make me a 50 Long Island iced tea,make me a fizzy Long Island Iced Tea,make me a fizzy Long Island ice-t
carbonated,I want a Long Island iced tea with lots of carbonation,I want a Long Island iced tea with lots of carbonate,I want a Long Island iced tea carbonated,I want a Long Island iced tea with lots of carbon,I want a Long Island iced tea carbonation,I want a Long Island iced tea with lots of carpet
sweet,make me a sweet Moscow Mule,make me a sweep Moscow Mule,make me a suite Moscow Mule,make me a sweet Moscow mules,make me a sweet Moscow mills,make me a sweep Moscow mules
sweet,I want to sweet Moscow Mule,I want to Sweet Moscow Mule,I want to sweep Moscow Mule,I want to sweet Moscow mules,I want to Sweet Moscow mules,I want to sweeten Moscow Mule
alcoholic,make me a strong Moscow Mule,make me a strong Moscow mules,make me a stronge Moscow Mule,make me a strong Moscow mills,make me a stronger Moscow Mule,make me a strong Moscone York
alcoholic,I want a strong Moscow Mule,I want a strong Moscow mules,Restaurant Moscow Mule,I want a strong New York,Astron Moscow Mule,stronge Moscow Mule
sour,I like a sour Moscow Mule,I'd like a sour Moscow Mule,I like a sour Moscow mules,Moscow Mule,I like a sour Moscow York,I'd like a sour Moscow mules
sour,make me a star Moscow Mule,make me a star Moscow mules,make me a star Moscow mills,make me a star Moscow Mills,,
carbonated,I want to visit Moscow Mule,I want to visit Moscow mules,I want to visit Moscow mills,,,
carbonated,like a Moscow Mule with lots of bubbles,like a Moscow Mule with lots of mobile,like a Moscow Mule with lots of bubble,like a Moscow Mule with lots of Mobile,like a Moscow Mule in the Bible,like a Moscow mules with lots of bubbles
sweet,take me a sweet rum and coke,take me to sweet rum and coke,wake me a sweet rum and coke,take me a sweet rum and koke,take me to sweet rum and koke,take me to a sweet rum and coke
sweet,I want to sweet rum and coke,I want to sweet rum and koke,I want to sweet rum and Coke,I want to sweet rum and Coca,I want to sweet rum and cokes,I want to sweet Rome and Coke
alcoholic,wake me up rum and coke make it strong,wake me up rum and coke make it stronger,wake me up rum and coke make a strong,wake me up rum and coke make it strong is,,
alcoholic,like a strong Roman coke,like a strong women coat,like a strong women quotes,like a strong woman coke,like a strong and coke,like a strong women coke
carbonated,give me a 50 Roman coke,give me a coke,give me a joke,give me a visit Roman coke,give me a video in Coke,give me a video Roman coke
carbonated,make me a carbonated drink Coke,make me a carbonated drink up,make me a carbonated Roman coke,make me a carbonated drink cup,make me a carbonated drink coke,make me a carbonated coke
sweet,make me a sweet Tom Collins,make me a suite Tom Collins,make me a sweep Tom Collins,make me a sweet om College,make me a sweet college,make me a suite in college
sweet,give me a sweet Tom Collins,give me a suite Tom Collins,give me a sweep Tom Collins,give me a sweet om College,give me a sweet om college,give me a suite of college
alcoholic,give me a strong Tom Collins,give me a strong compounds,give me a strong Tom Jones,give me a strong bones,give me a strong compound,give me a stronge Tom Collins
alcoholic,like a Tom Collins alcohol,like a Tom Collins,like a Tom Collins call,like a Tom Collins Colorado,like a Tom Collins all,
sour,make me a favour Tom Collins,make me a favor Tom Collins,make me a star Tom Collins,make me a favore Tom Collins,make me a favour time college,make me a favour time comes
sour,make a sour times,make a sour Tom Collins,make a sour compound,make a sour TomTom,make a sour time porn,make a seller Tom Collins
carbonated,give me a dollar,give me a call,give me a visit on power,give me a visit on college,give me a 50 times,give me a 50 top college
carbonated,I want a Tom Collins population,I want a Tom Collins what's the combination,I want a Tom Collins Venetian,I want a Tom Collins Avenue,I want a Tom Collins what's the population,
sweet,make me a screwdriver this week,make me a screwdriver that's sweet,make me a screwdriver the week,make me a screwdriver sweet,make me a screwdriver the suite,make me a screwdriver that's suite
sweet,make me a sweet Street,make me a sweet street,make me a sweet tree,make me a suites,make me a sweet River Drive,
alcoholic,make me a strong screwdriver,make me a strong screw driver,make me a stronge screwdriver,make me a strong odor,make me a stronger screwdriver,make me a strong screwdrivers
alcoholic,make me a screwdriver with alcohol,make me a screwdriver with lots of alcohol,making a screwdriver with alcohol,making a screwdriver with lots of alcohol,make me a screwdriver with alchohol,make me a screwdriver with Wacom
sour,make me a star screwdriver,make me a star screw driver,make me a favour screw driver,make me a favor screw driver,make me a sandwich screw driver,make me a favor and screwdriver
sour,I want to Sarah screwdriver,how are screwdriver,I want to sell screwdriver,how are screwdrivers,Harris Teeter,I want to send screwdriver
sweet,get me a sweep,get me a sweep school,give me a score,get me a sweep School,get me a sweep score,get me a sweet school
sweet,I want to Sweet Pea score,I want to sweet Peace Corps,I want to Sweet Peace Corps,I want to sweet peace core,I want to Sweet Pea scores,I want to Sweet Pea school
alcoholic,strong Peace Corps,what a strong Peace Corps,strong Peace Corp,what a strong base color,what a strong Peace Corp,what a strong base colour
alcoholic,make me a strong core,make me a strong score,make me a strong scores,make me a strong school,make me a strong the score,make me a stronger score
carbonated,what a fizzy Peace Corps,what a fizzy Peace Corp,what a fizzy peace core,what a fizzy Pisco,what a fizzy piece color,what a fizzy peace color
carbonated,like a preschooler with lots of carbonation,,,,,
sweet,make me a sandwich,wake me up,make me a sweep,make me a sweet frog,wake me up at 340,wake me at 340
sweet,I want to f*** a tonic,I want to f*** it on,I want to sweet frog a tonic,I want to f*** it on again,I want to f*** it on it,I want to f*** it on em
alcoholic,make me a strong vodka tonic,make me strong vodka tonic,make me a strong vodka tonics,make me strong vodka tonics,make me strong but katana,make me strong by katana
alcoholic,like a strong vodka tonic,like a strong vodka tonics,like a strong like it hot,like a strong like a tie,like a strong like a time,like a strong what is a time
sour,make me a servant Cattanach,make me a servant katana,make me a servant guitar,make me a servant to tonic,make me a servant to public,make me a servant ketotic
sour,I want to sell my guitar,I want to sell it on,I want to sell a time,I want to set a time,I want to set a timer,I want to set the time
carbonated,give me a video of Catan,give me a video,give me a video of Titanic,give me a video of time,give me a video of Kentucky,
carbonated,give me a vodka tonic,give me a vodka tonic very carbonated,give me a vodka tonic carbonated,give me a vodka tonic Avenue,give me a vodka tonic fairy carbonated,give me a vodka tonic very confident
sweet,make me a sweet sour,make it sweet sour,Mickey a sweet sour,making a sweet sour,Nicki a sweet sour,make me a sweet hour
sweet,like a pisco sour sweet,like a pisco sour suite,like a pisco sour sweets,like a pisco sour,a pisco sour sweet,a pisco sour suite
alcoholic,I want a strong tower,I want a strong hour,I want a strong power,I want a stronger power,I wanna Strong power,I want a stronge hour
alcoholic,make me strong Pisco Sour please,make me strong pisco sour please,make me strong Pisco Sour plea,make me strong pisco sour plea,make me strong Pisco Sour Pleas,make me strong pisco sour Pleas
sour,Srpska sour,Srpska Sauer,Srpska Sour,srpsko sour,srpsko Sauer,srpsko Sour
sour,pisco sour,pisco sour ferry,pisco sour fairy,pisco sour Perry,Pisco Sour ferry,Pisco Sour fairy
sweet,sweet margarita,margarita,sweet Margarita,sweet Margherita,Margherita,sweet Margarito
sweet,give me a margarita sweet peas,give me a margarita sweet,give me a margarita sweet breeze,give me a margarita sweet titties,give me a margarita Sweet Leaf,get me a margarita sweet peas
alcoholic,margarita strong,margaritas strong,margarita Strong,margaritas restaurant,strong,Korea strong
alcoholic,make me a strong margarita please,make me a strong margarita,make me a strong Margaritaville,make me a strong Margarita please,make me a strong Margarita police,make me a strong Margarita
sour,make me a star margarita,make me a star Margarita,make me a star Margherita,make me a star margaritas,make me a star Margaritas,
sour,margarita,Margarito,margaritas,Margherita,Margarita,Toyota margarita
sweet,give me a sweet dark and stormy,give me a sweet darken story,give me a sweet darken stories,give me a suite darken story,give me a sweet dark and stormy night,give me a sweet darken Story
sweet,get me a sweet Arkansas,get me a suite Arkansas,get me a sweet dark and stormy,get me a sweeter construction,get me a sweeter construct,get me a sweet I can start
alcoholic,strong dark and stormy,strong dark and stormy please,strong dark and stormy breeze,strong dark and stormy seas,strong dark and stormy lease,strong dark and Stormies lease
alcoholic,make me a dark and stormy with lots of alcohol,make me a dark and stormy,make me a dark and stormy a lot of alcohol,make me a dark and stormy Florida,make me a dark and stormy of water,make me a dark and stormy weather
carbonated,the dark and stormy,dark and stormy,is the dark and stormy,the dark and stormy seas,the dark and stormy please,naked dark and stormy
carbonated,like a bubbly dark and stormy,Michael Buble a dark and stormy,like a public dark and stormy,like a bubbling dark and stormy,like a bubble dark and stormy,like a bubbly dark and stormy night
sweet,make me a sandwich,make me a switch,make me a sandwich Denver,make me sweat,make me a sandwhich,make me a switch Denver
sweet,sweet Geneva,sweet,sweet box,I want to sleep,Suites in,I wanna sweet Geneva
alcoholic,wake me up strong Genbook,wake me up strong Jambox,wake me up strong Genbook please,make me a stronger in box,wake me up strong gin buck please,wake me up strong Jen bucks
alcoholic,I want a strong,I want a strong book,I want a strong box,strong,I want a strong word but,I wanna strong
carbonated,the Geneva,the gin buck,take me to the gym,take me to the gym bar,Mia the Geneva,take me to the gym bag
carbonated,McMechen buck with lots of bubbles,the kitchen buck with lots of bubbles,Muchin buck with lots of bubbles,take me to Jim buck with lots of bubbles,take me to Jen buck with lots of bubbles,McMechen buck with loss of mother
sweet,tequila sunrise,Tequila Sunrise,sweet tequila sunrise,tequila sunrise please,tequila sunrises,asleep tequila sunrise
sweet,ridiculous,ridiculous sunrise,ridiculousness,redickulous sunrise,like a sweet,ridiculous Sunrise
alcoholic,make me strong tequila sunrise,make me a strong tequila sunrise,make me strong Tequila Sunrise,make me a strong Tequila Sunrise,,
sour,make me a star tequila sunrise,make me a sandwich tequila sunrise,make me sound tequila sunrise,make me a servant tequila sunrise,make me a star Tequila Sunrise,make me a shout tequila sunrise
sweet,that wasn't enough,that wasn't good enough,that wasn't sweetener,that wasn't Sweden,that was in Sweden,that wasn sweetener
sweet,that was too sweet,that was 23,that was too suite,what was 23,that was too sweetie,that was too Suites
alcoholic,drink with strong enough,drink with a strong enough,drink with Corona,drink with stronger,drink wasn't stronger,drink with strong
alcoholic,is too strong,how is too strong,strong,how to Strong,how does to Strong,how is to Strong
bitter,Patrick was better not,Patrick was better now,drink with butternut,veterinary,Patrick was better,set wrinkle veterinary
bitter,drinks to better,drink with 2 better,petrichor to better,petrichor 2 better,drinking to better,drinkers 2 better
sour,that wasn't sour,that wasn't sourdough,that wasn't Sauer,that wasn't hours,that wasn't Sour,sourdough
sour,that drink with tooth out,that drink with 2000,that drink with 27,that drink with to self,that drink with two Center,that drink with to Center
carbonated,that wasn't vizinha,that wasn't visina,that wasn't Virgina,that wasn't vizina,that wasn't good enough,that wasn't for the NFL
carbonated,that was too busy,that was too fizzy,that was to fizzy,is 250,that was 250,Dallas 250
creamy,that wasn t me enough,that wasn't premium,that wasn't Premium,that was a criminal,that wasn't creamy Ana,that was a creamy Ana
creamy,72 cream,72 creamy,that was too creamy,72 Kreme,that was too cream,that was to cream
sweet,that drink with me tonight,that drink with sweetener,that drink with dinner,that drink with a straightener,that drink with sweet enough,
sweet,Patrick with too sweet,Patrick was too sweet,Patrick with two sweet,Patrick with 2 suite,Patrick with two suite,Patrick with to sweet
alcoholic,that wasn't strong enough,that wasn strong enough,that wasn't stronger,that wasn stronger,that wasn't strong enough to,that was in strong enough
alcoholic,is too strong,strong,how to Strong,72 Strong,two Strong,Strong
bitter,my drink was better now,my drink was better not,my drink was better enough,my drink was better in a,what drink was better now,what drink was better not
bitter,my drink with 2 better,my drink with to better,my drink with do better,my drink with you better,my drink is to better,my drink was to better
sour,my last drink with sour,my last drink with sourdough,my last drink with sirens,my last drink with Serena,my last drink with Sarah,
sour,my drink with 2000,2000,my drink with tooth out,my drink with 27,Madrid 2000,my drink with two thousand
carbonated,my last drink with carbonated,my last drink with a carbonated,my last drink was a carbonated,my last drink with a carbonate,my last drink with the carbonator,my last drink a carbonated
carbonated,my last drink with two carbonated,my last drink with 2 carbonated,my last drink with to carbonated,my last request to carbonated,my last drink to carbonated,my last drink with two carbon dated
creamy,my last drink with premium,my last drink wasn't premium,my last drink wasn't Premium,my last drink with a criminal,Electric wasn't premium,my last drink wasn't enough
creamy,the trick is to creamy,Federico's to creamy,Patrick was too creamy,the drink with two creamy,petrichor to creamy,the drink with to creamy
sweet,my drink was in Sweden,my drink,my drink was in,my drink with me tonight,my drink was it,
sweet,that wasn't very sweet,that wasn't very suite,that wasn't very Suite,that wasn't very sweet tea,that wasn't very sweet ass,
sweet,my drink was too sweet,my drink with too sweet,my drink with two sweet,my drink with 2 suite,my drink with 2 suites,my drink with two suite
alcoholic,my last drink very strong,my last drink with very strong,my last drink strong,my left ring Strong,my last drink Strong,my last train Strong
alcoholic,my last drink with too strong,my last drink with two strong,my last drink with two Strong,my last drink with to Strong,my last drink with 2 Strong,my last drink with a strong
bitter,that wasn't very bitter,that wasn't very better,that wasn't very butter,that wasn't very builder,that wasn't very better now,
bitter,my drink with very bitter,my drink with very better,my drink with Perry better,my drink with berry butter,my drinking Perry better,my drink was Perry better
sour,it was a very sour,it wasn't very sour,who was a very sour,it was a very Sauer,it was a very Sour,it wasn't very Sauer
sour,very sour,Woodbury Tower,Woodbury tower,Woodbury Sauer,Woodbury Sour,very Tower
carbonated,that wasn't very carbonated,that wasn't very carbonate,that wasn't very carbonator,that wasn't very Carbonite,that wasn't very Carbondale,
carbonated,very carbonated,Barry carbonated,Barry carbonate,very carbonate,Barry Carbondale,very Carbondale
creamy,that wasn't very creamy,that wasn't very creamy p****,what was the berry creamy,that wasn't very creamy goo,that wasn't very creamy eye,what was the berry creamy p****
creamy,that was very creamy,that was very creamy goo,that was very creamy eye,,,
sweet,that was very sweet,that wasn't very sweet,that wasn't very Suites,that wasn't very suite,that wasn't very suites,that was very sweet tea
sweet,my last drink should have been sweeter,my last drink should have been sweater,my last drink cinnamon sweeter,my last drink soda ban sweeter,my last drink should have been sweetheart,my last drink should have been 30
sweet,my last drink should a pencil,my last drink should the fences,my last drink should the Benson,my last drink should have been,my last drink Cinnabon,my last drink a pencil
alcoholic,drink with very strong,drink wasn't very strong,Electric wasn't very strong,string wasn't very strong,strength wasn't very strong,strings wasn't very strong
sweet,my last drink should have been sweeter,my last drink should have been sweater,my last drink should have been better,my last drink should have been spider,my last drink should have been sweetheart,my last drink should have been a spider
sweet,Electric should never been so sweet,electrician apprentice Beach,Electric should the fan supposed to be,Electric should the fan supposed to beat,Electric should the Benson Street,Electric shins Bensusan Beach
alcoholic,my last drink raspberry week,my last drink very weak,my last drink with very weak,my last drink raspberry Week,my last drink raspberry weak,my last drink a week
sweet,my last drink with sweet,my last drink with,my last drink with suites,my last drink with Sweden,my last drink water,my last drink was Sweden
sweet,that was way too sweet,what was way too sweet,that was way too sweetie,that was way to suite,that was way to sweeten,that was way to Sweet
alcoholic,that was too weak,what was too weak,what was two week,2 week,what was 2 week,what was 2 weeks
alcoholic,that was too strong,what was too strong,that was too Strong,that was too strung,that was to Strong,what was to Strong
bitter,my last drink should have been more,my last drink should have been more better,my last drink should have been more bed,my last drink should have been more bit,my last drink should have been more butts,my last drink should have been more a bed
bitter,my last drink should have been better,my last drink should have been a better,my last drink should have been a spitter,my last drink should have been master,my last drink should have been left center,my last drink soda ban master
sour,my last drink should have been more sour,my last drink should have been more Sauer,my last drink should have been more Sour,my last drink should have been more sower,my last drink should have been more Schauer,
sour,my last drink should have been blessed,my last drink should have been us,my last drink should have been love,my last drink should have been left out,my last drink should have been left side,
carbonated,drink carbonated enough,drink carbonated,drink carbonated tonight,drink carbonated mount,drink carbonated in,
carbonated,what was too carbonated,what was to carbonated,what was 2 carbonated,what was two carbonated,how to carbonate,what was to carbon dated
creamy,creamy enough,what was a criminal,Nicki Minaj,how was a criminal,criminal,Premium
creamy,my last drink with 2 cream,my last drink with two penis,my last drink with two cream,my last drink with 2 premiere,my last drink with to create,my last drink with two creamy
sweet,my last drink with sweet enough,my last drink with me tonight,my last drink with sweetener,my last drink with an A,my last drink with sweet in us,my last drink with a sweetener
sweet,should have been less sweet,should have been left Suites,should have been less weed,should have been left suite,should have been blessed week,should have been blessed Suites
alcoholic,what should have been stronger,,,,,
alcoholic,my last drink should have been weaker,my last drink should have been wicker,my last drink should have been weak,my last drink should have been weekend,my last drink soda ban weaker,my last drink should a fan weaker
bitter,that wasn't bitter.,that wasn't better,that wasn't enough,that wasn't theater,that wasn better,that wasn theater
bitter,my last ranker to better,my last drink with 2 better,my last drink to better,my last drink with to better,my last drink for to better,my last drink a to better
sour,that wasn't hours,that wasn't hour,that wasn't Tower,that wasn't sour,that wasn't tower,sour
sour,2000,what was 2000,that was 2000,what was 27,727,that was 27
carbonated,my last drink was in carbonated enough,my last drink with carbonated enough,my last drink was a carbonated enough,my last drink with a carbonated enough,my last drink was in carbonite enough,my last drink was in carbonated enuff
carbonated,my last drink should have had less carbs,my last drink should have had less carpet,my last drink should have a scar,my last drink should have had less carbon,my last drink should have had a scarf,my last drink should have had a scar
creamy,my left ring finger,my left ring,my last drink,my left ring finger mean,my left ring mean,
creamy,my last drink should have been less creamy,my last drink should have been a screaming,my last drink should have been a screening,my last drink should have been us creamy,my last drink should have been the screen,my last drink should have been nice creamy
sweet,my last drink with me tonight,my last drink with dinner,my last drink with sweetener,my last drink with sweet enough,my last drink was sweetener,my last drink with an A
sweet,set wrinkles way too sweet,set wrinkles Way too sweet,drinkers way too sweet,drinkers Way too sweet,set wrinkles way to sweet,set wrinkles way to sweeten
alcoholic,the drink with two week,the drink with 2 week,the drink with too weak,the drink with two weeks,the drink with 2 weeks,
alcoholic,my drinking too strong,my drink with too strong,my drink with two strong,my drink with two Strong,my drink with to Strong,my drink with 2 Strong
bitter,that wasn't better now,that wasn't better not,better in a,veterinary,that wasn't better in a,that wasn't veterinary
bitter,should have been less bitter,what should have been less bitter,should have been blessed better,what should have been blessed better,should have been less better,what should have been less better
sour,sudafed more sour,should have been more sour,the bed more sour,sudafed more Sauer,sudafed more Sour,should have been more Sauer
sour,what drink should have been us our,my drink should have been us our,what drink should have been left hour,my drink should have been left hour,what drink should have been less hours,what drink should have been left lower
carbonated,my drink need more carbonation,my drinking need more carbonation,my drink need more cover nation,my drinks need more carbonation,my drink need more carbon nation,my drink need more copper nation
carbonated,my drink carbonation,my drink combinations,my drink combination,carbonation,my drink combinations for,
creamy,my drink was way too crazy,my drink was way to creamy,my drink was way to cream,my drink was way to create,my drink was way to clean,what drink was way too crazy
bad,drink with fat,drink with bat,drink with bad,drink with that,drink with phat,the drink with fat
bad,my last drink was bad,my last drink with bad,my last drink with Bad,my last drink with pad,my last drink was Bad,my last drink Wiz Bad
good,that drink was good,that drink is good,that drink with good,that drink is good for,that drink was Good,that drink with Good
good,my last drink was good,my last drink with good,my last drink was Good,my last drink with Good,my last drink with Goode,my last drink with good for
bad,bad,Bad,last drink with bad,last drink with dad,last drink with that,address bad
bad,drink sake,drink suck,drink sucked,drinks up,drink sucks,drinks suck
bad,my drink sake,my drink,my drink suck,my drink soda,my drink soft,my drinking suck
good,is great,great,Great,drink with great,is Great,is greater
bad,set wrinkles awful,set wrinkles offal,set wrinkles on full,set wrinkels awful,set rinkles awful,set wrinkle awful
bad,what was awful,what was offal,what was of offal,what was all offal,what was off offal,what was the offal
good,that was great,what was great,I was great,what was Great,that was Great,great
good,my last drink was great,my last drink with great,my last drink is great,my last drink with grey,my last drink with gray,
bad,I hated that,I hate that,I hate it that,I hate it back,I hated,
bad,I hated my last drink,I hate my last drink,I hated my last rank,I hated my last rink,I hate my last rank,I hate it my last drink
good,I love my last drink,I love my last rank,I love my last rink,I love my last train,I love my left rink,I love my last drink it
good,I love my drink,I love my last drink,I love my drank,I love my strength,I love my ring,
bad,didn't like that,didn't like fat,,,,
bad,I didn't like that drink,I didn't like that drank,I didn't like that drinking,I didn't like that rink,I didn't like that drunk,I didn't like that- rink
good,I love that,I love bad,I love fat,I love back,I love dad,
good,I like that drink,I like that drank,I like to drink,I like that rink,I like that drinks,I like that- rink
bad,that wasn't very good,drink wasn't very good,drinking wasn't very good,wasn't very good,Patrick wasn't very good,drinks wasn't very good
bad,my last drink wasn't very good,my last drink was a very good,my last drink was a very good year,my last drink wasn't very gud,my last drink wasn't very good year,my last drink wasn't very good for
good,my last drink with good,my last drink with God,my last drink with Good,my last drink with a good,my last drink with Goode,my last drink a good
good,my last drink was good,my life is good,my last drink is good,my last drink with good,my last drink is good for,my life is good for
bad,that drink was terrible,that drink with terrible,that drink with Terrible,that drink with terrible twos,that drink with terrible I,that drink was Terrible
bad,my last drink was terrible,my last drink with terrible,my last drink with Terrible,my last drink with terrible I,my last drink was Terrible,my last drink with a Terrible
good,drink tastes great,drink taste great,drink taste of grey,drink taste the Great,what rank is the Great,taste the Great
good,my last drink tastes great,my last drink taste great,my last drink taste the Great,my last drink taste of grey,my last drink taste of great,my last drink to taste the Great
bad,drink tastes awful,drink taste awful,drink taste of pho,,,
bad,my last drink tastes awful,my last drink taste awful,my last drink taste of pho,my last drink taste of home,my last drink taste of 0,my last drink taste of a
good,my last drink taste good,my last drink tastes good,my last drink this together,my last drink tastes as good,my last drink taste as good,my last drink taste of good
good,the drink taste good,the drink tastes good,the drink taste so good,the drink tastes so good,the drink taste that good,
bad,is the Terrible,is the terrible,terrible,the trick to Terrell,Terrell,is the Terrell
bad,the taste of terrible,the taste the Terrible,the taste the terrible,the taste a terrible,taste the Terrible,what is the Terrible
good,set a pretty good,set a pretty good day,set a pretty good a,set a pretty good for,set a pretty good I,
good,my drink taste of pretty good,my drink taste a pretty good,my drink taste good,my drink tastes good,my drink taste of pretty good for,my drink a pretty good
bad,I didn't really like that,I didn't really like this,I didn't really like them,I didn't really like the,,
bad,I didn't like the taste that drink,I didn't like the taste that trick,I didn't like the taste of ink,I didn't like the taste that drank,I didn't like the taste that drinking,I didn't like the taste of death drinking
good,I love the taste of ink,I love the taste that drink,I love the taste that drank,I love the taste of death drinking,I love the taste that drinks,
good,I really like to drink,I really like that drink,I really like that drank,I really like that drinks,I really like that 3,
bad,Patrick sucked,Patrick sucks,Patrick suck,patrick sucking,the drink sucked,the drink suck
bad,my last drink was really bad,my last drink with really bad,my last drink is really bad,my last drink was really Bad,my last drink with a really bad,my last drink was really bad I
good,the taste of awesome,the taste of Awesome,the taste of ink,the taste of India,taste of India,the taste of Italy
good,my last drink was awesome,my last drink with Awesome,,,,
bad,that was awful,what was awful,that was awesome,that was off,that was off of,that was office
bad,that was bad,bad,is bad,sad,what was that,
bad,that wasn't very good,that was a very good,that was a very good year,what was America,that was America,that wasn't very good year
bad,that doesn't taste good,that didn't tastes good,tastes good,did tastes good,that didnt tastes good,what doesn tastes good
good,my last drink was perfect,my last drink with perfect,my last drink with perfect ass,my last drink with Perfect,my last drink with perfect t***,my last drink was Perfect
good,that was perfect,what was perfect,what was Perfect,that was Perfect,perfect,that was perfect 2
sweet,make me a sweet Black Russian,make me a sweep Black Russian,make me a suite Black Russian,make me a sweet black Russians,make me a sweet black Russia,make me a sweet blackcrush
sour,make me a salary Cuba Libre,make me a salad Cuba Libre,make me a sandwich Cuba Libre,make make me a salary Cuba Libre,make me a sound Cuba Libre,make me a salaried Cuba Libre
sour,make me a salad Cuba Libre,make me a servant Cuba Libre,make me a sandwich Cuba Libre,make me a star Cuba Libre,make me a sound Cuba Libre,make me a salad Cuba Libre a
none,I would like a Black Russian,I would like a black Russians,I would like a black Russia,I would like to a Black Russian,,
none,give me a Black Russian,give me a black Russians,give me a black Russia,,,
none,I like a White Russian,I would like a White Russian,I like a white russian,Michael White Russians,I would like a white russian,I like a White Russians
none,I would like a Black Russian,I would like a black Russia,I would like a black Russians,I would like to a Black Russian,,
none,make me a Black Russian,make me a black Russia,make me a black Russians,make me a black crush,make me about crushes,make me about crush
none,I would like a White Russian,I would like a white Russia,I would like a white russian,I would like a White Russians,,
none,give me a White Russian,give me a white Russia,give me a white russian,give me a White Russians,,
sweet,that wasn't Sweden,that was in Sweden,that wasn't sweetener,that wasn't sweeter,that wasn't sweet,that wasn Sweden
sweet,that was too sweet,that was 23,that was too sweetie,that was too suite,that was 2 suite,that was to suite
alcoholic,that wasn't strong enough,that wasn't stronger,that wasn strong enough,that wasn stronger,strong enough,that was instrumental
alcoholic,that was too strong,what was too strong,2 stroke,72 Strong,two stroke,that was too Strong
bitter,that was a veteran,that wasn't,that wasn't Federal,that wasn't Miranda,that wasn Federal,that was
bitter,that was too bitter,that was to better,that was 2 better,that was too better,what was 2 better,does 2 better
sour,that wasn't sour,that wasn't sourdough,that wasn sour,that wasn't Sauer,that wasn't Sour,that wasn sourdough
sour,that was too sour,that was to sour,that was too Sauer,that was too Sour,that was to Sour,that was too sower
carbonated,that was a vigina,that was a video,that was a Vizio,that was a busy enough,that wasn't for the NFL,that wasn't a vigina
carbonated,that was too busy,that was too fizzy,that was 250,what was 250,is 250,that was to fizzy
creamy,Premium,premium,that was a criminal,Premium rush,that wasn't cream,that wasn't Premium
creamy,that was too creamy,that was too cream,that was to creamy,that was to cream,that was too Kreme,that was too Cream
sour,that wasn't sour,that wasn't Sauer,that wasn't Sour,that wasn't sourdough,that wasn sour,that wasn't Sauron
sour,that was too sour,that was to sour,that was too Sauer,that was too Sour,that was to Sour,that was too sower
sour,that wasn't sour,that wasn't Sauer,that wasn't Sour,that wasn't hours,that wasn't hour,that wasn t sour
sour,that was too sour,,,,,
none,make me a Black Russian,make me a black Russians
none,can I have a Black Russian
none,can I have a White Russian,can I have a white russian
none,Black Russian,black Russians,Russian,black Russia,Russia,Russians
none,can I have a Black Russian
none,can I have a Black Russian,can I have a black Russians
none,can I have a White Russian,can I have a white russian,can I have a white Russia,can I have a White Russians
none,can I have a White Russian,can I have a white russian
none,can I have an old fashioned,can I have an old fashion,can I have an old fashions,can I have an old fashioned oats,can I have an old fashion show
none,old fashioned,old fashion,old fashions,Michael Tyson,fashion,how old fashions
none,can I have a whiskey sour,can I have a whisky sour
none,can I have a whiskey sour,can I have a whisky sour
none,divergent wiki,divergent Ricky,divergent Rickey,Wiki,Ricky,divergent Wiki
none,can I have a gin Rickey,can I buy a gin Rickey
none,can I have an electric lemonade,can I have an electric limited,can I have an electric Limited,can I have an electric Lemonade,can I have an electric laminate
none,Electric lemonade,can I have an electric limited,can I have an electric Limited,can I have an electric laminate,can I have an electric Lemonade,can I have an electrum limited
none,Long Island iced tea,Neville island ice tea,Long Island Iced Tea,Long Island iced teas,Long Island City
none,can I have a Long Island iced tea,can I have a long island ice tea,can I have a long island ice T,can I have a Long Island Iced Tea,Dr Long Island Iced Tea,can I have a Long Island iced teas
none,can I have a Moscow Mule,can I buy a Moscow Mule,can I have a Moscow mules,can I have a Muscovy York,can I buy a Moscow mules,can I buy a Muscovy York
none,can I have a Moscow Mule,can I have a Moscow mules,can I have a Mustang York,can I have a Mustange York
none,can I have a rum and coke,Veronica,can I buy a rum and coke,can I have a runny nose,can I have a rum and koke,can I run a joke
none,can I have a rum and coke,can I run in Coke,can I buy a rum and coke,can I have a rum and koke,can I have a runny yolk,can I have a runny Koch
none,can I have a Tom Collins,can I buy a Tom Collins
none,can I have a Tom Collins
none,can I have a screwdriver,can I have a screw driver,can I buy a screw driver
none,can I have a screwdriver,can I have a screw driver,what can I have a screwdriver,cat can I have a screwdriver,black can I have a screwdriver,what can I have a screw driver
none,navigate score,score,navigate School,school,navigate scores,navigate school
none,can I have a piece Cola,can I have a piece cooler,can I have a piece color,can I have a piece colour,driving school,Travis Cola
none,cleverbot,can i buy katana,private owner,private on it,can i buy guitar
none,vodka tonic,vodka tonics
none,pisco sour,Pisco Sour,discuss our
none,pisco sour,Pisco Sour
none,can I have a margarita,can I have Margarita,can I have a Margarita,can I have margaritas,can I have Margherita,can I have a Margherita
none,can I have a margarita,margarita,can I have Margarita,I haven't Margarita,can I have margaritas,can I have Margherita
none,can I have a dark and stormy,can I have a dark and stormy night
none,dark and stormy,can I have a dark and stormy,can I have a dark and stormy night,dark and stormy night
none,can I have a gin buck,can I buy a gin buck,can I have a gin bucket,can i buy gin buck,can I buy a gin bucket,can I have a jinn Buck
none,can I have a gin buck,can I have a gin bucket,can I have a gym,can I have a gym bag,I have a dream about,can I have a dream about
none,can I have a tequila sunrise,can I buy a tequila sunrise,can I have a Tequila Sunrise,can I buy a Tequila Sunrise
none,can I have a tequila sunrise,tequila sunrise,can I buy a tequila sunrise
none,bourbon and water,bourbon in water,bourbon and water show,water,bourbon water,Bourbon water
none,bourbon and water,bourbon in water,Birmingham Water,water,bourbon Water,bourbon and water show
