sweetness,that wasn't nearly sweet,that wasn't nearly sweetener,that wasn't nearly Suites,that wasn't nearly sweet,that wasn't nearly sweetheart,that wasn nearly sweet
sweetness,that was in Sweden,Sweden,sweet,that wasn't sweetener,sweetheart,that wasn't sweetheart
sweetness,very sweet,very suite,very Suite,Barry suite,very sweet tea,sweet
sweetness,should have been sweeter,insurance in sweeter,Insurance sweeter,Insurance wheather,insurance sweeter,insurance wheather
sweetness,I like it sweeter,I like it sweet,I like it's winter,I like it sweetheart,get sweeter,I like it sweeter much
sweetness,sweeter next time,can sweet next time,sweetheart next time,sweeter next Time,can sweets next time,sweeter next time I
sweetness,newly sweet enough,newly sweetener,nuely sweet enough,nooly sweet enough,newly sweetheart,newly Sweden
sweetness,how much sweeter,how much sweetener,how much sweetheart,,,
sweetness,that was much too sweet,what was much too sweet,how much too sweet,that was much to suite,what was much to suite,that was much to sweet
sweetness,is too sweet for me,is too sweet to me,too sweet for me,is too sweet honey,is too sweet mi,too sweet to me
sweetness,that was way too sweet,that was way too sweetie,that was way to suite,that was way to sweet,that was way to sweeten,
sweetness,is too sweet,2 suite,is 2 suite,is too sweetie,is to suite,is to sweet
sweetness,don't make it so sweet next time,don't make it so sweet. Next time,don't make it says we text I'm,don't make it says we text times,don't make it says we text Time,don't make it so sweet next times
sweetness,is too sweet,what was too sweet,it was too sweet,what was too sweetie,it was too sweetie,is too sweetie
sweetness,I was too sweet,how was too sweet,I was 2 suite,I was too sweetie,how was too sweetie,how was 2 suite
sweetness,make it less sweet,make it less wheat,make it less suite,make it less Suite,make it less weed,make it last suite
sweetness,make it less sweet next time,make it less sweet next Time,make it less sweet time,make it less sweet thyme,make it less sweet next times,make it less sweet Time
sweetness,don't make it so sweet,don't make it sweet,don't make incense wheat,dont make incense wheat,don't make incense suite,dont make incense suite
bitterness,make it more better,make it more bitter,make it work better,make it more wetter,make it more butter,
bitterness,what is better enough,that wasn't better enough,that wasn't there enough,that wasn better enough,that was in better enough,better enough
bitterness,it wasn't very better,it wasn't very bitter,it wasn't very butter,it wasn't very builder,it wasn't very bitter earth,
bitterness,should be more better,should be more bitter,should be more butter,should be more wetter,should be more builder,Bmore builder
bitterness,should be better,should be better off,should be bitter,should be better at,should be better on,
bitterness,better enough,better enough for,,,,
bitterness,I was to better,I was 2 better,that was to better,what was to better,2 better,I was too bitter
bitterness,that was way to better,that was way too bitter,that was way to get ur,that was way to banner,that was way to batter,
bitterness,make it better,make it less bitter,better,naked better,naked,make it bigger
bitterness,to better,how to better,better,stupider,how to batter,YouTube editor
bitterness,how to better for me,2 better for me,Jupiter from me,how to better from me,2 better from me,how to better for mi
bitterness,next time does make it better,next time does make it feel better,next time does make it so bitter,next time does make it to dinner,next time does make it,
sourness,Tucson,27,note to self,how to set,2000,
sourness,Tucson,27,827,where to Santa,270,
sourness,don't make it so sour,don't make it so Sauer,don't make it so Sour,don't make it so sower,don't make it 6 hour,don't make it says Sauer
sourness,that was way too sour,that was way to sour,that was way to Sauer,that was way too Sauer,that was way to Sour,that was way too Sour
sourness,Tucson,27,how to set,2sao,how to say,app Tucson
sourness,how was too sour,I was too sour,how is too sour,,,
sourness,make it less our next time,make it less our time,make it less hours time,make it less hour time,make it less sour times,make it last our next time
sourness,naked 1 hour,naked shower,naked power,make it more salary,naked Power,power
sourness,make it more sour,make it more Sauer,make it more Sour,make it more sower,make it more Schauer,naked morning Sauer
sourness,next time,naked next time,making next time,Macon next time,make it next time,making more time
sourness,that wasn't enough,that was in Fahrenheit,that was in Santa Ana,that was in farenheit,that wasn't hour and a half,
sourness,nearly sour,nearly Sauer,nearly Sour,nearly sour enough,nearly Sauer enough,nearly Sour enough
sourness,at 17,at 17 up,that one Santa Ana,at 17 a,817,
carbonation,bubbly,public,Publix,navigate to Publix,glee,
carbonation,do carbonated,carbonated,2 carbonate,carbonator,2 carbonated,YouTube carbonated
carbonation,that was to bubbly,that was to Bowie,that was to buy bully,that was too Bubba Lee,that was to buy Belize,that was to bubble Lee
carbonation,there is too much carbonation,where is too much carbonation,,,,
carbonation,do carbonated,carbonated,2 carbonate,2 carbon dated,two carbon dated,2 carbonated
carbonation,is to bubbly,is to believe,is to bully,is to Bali,is to Belize,used to believe
carbonation,is it was 250,is it was to 50,is it was too busy,is it with 250,is it was 2:50,is it was too fizzy
carbonation,don't make it so 50 times,don't make it so fat,don't make it so frizzy,don't make it so fast,don't make it so 50 time,
carbonation,250,215,252,258,,
carbonation,naked,Macon,making,Michigan,Megan,
carbonation,make it more fizzy,naked p****,make it more 50,naked 150,Naked City,making 150
carbonation,Indiana,Indian,Indian a,finding a,indian. A,that wasn't finding a
carbonation,Atmore Mobile,Atmore bubbles,at Moore mobile,Atmore mobile,Atmore bubble,Atmore Buble
carbonation,make it easier,naked videos,naked video,naked for the earth,,
carbonation,add more carbonation,,,,,
carbonation,that was flat,that was Flatt,that was flats,that was Flat,that was Flatts,that was the Flatt
carbonation,that was too flat,that was too flats,that was too Flatt,that was too flat iron,that was to Flatt,that was to flats
carbonation,make it more carbonated,,,,,
creaminess,naked crazier,make it creamy your,make it crazier,naked crazy your,naked crazy you're,make it creamy York
creaminess,that was in premium,that wasn premium,that wasn't premium,that wasn Premium,that wasn't Premium,that was in preemies
creaminess,make it more creamy,make it work remix,naked creamy,make it work Remi,naked twerk Remi,naked creaming
creaminess,creamy enough,creamy in a,creamy Ana,creamy una,creamy na,creemee enough
creaminess,how did creamier,Heather creamier,hazard creamier,premeer,tethered creamier,how did cream ear
creaminess,23 me,23,23 mean,23 mi,23 minutes,238 me
creaminess,that was way too,that was way too greedy,that was way to creamy,that was way to freeze,that was way to me,
creaminess,don't have it so crazy,don't have it so creepy,don't have it so creamy,don't have it so creatine,don't have it so cream,
creaminess,don't make it so creamy,don't make it so crazy,don't make it so creepy,,,
alcohol,navigate to strong,navigate to Strong,navigate to draw,navigate to stronger,,
alcohol,much too strong,that was much too strong,how much too strong,that was much to Strong,how much to Strong,much too strung
alcohol,that was way too strong,that was way too strung,that was way to Strong,that was way too strong for,that was way to scroll,
alcohol,strong,what was the little strong,Tron,drunk,what was a little stronger,Strong
alcohol,who is too strong,strong,who is to Strong,who is to draw,12 Strong,who is too strung
alcohol,it had too much alcohol,it had to much alcohol,it had to much alchohol,it had to much alchol,,
alcohol,there is too much alcohol,there was too much alcohol,there is too much alcohol in it,there was too much alcohol in it,where is too much alcohol,where is too much alcohol in it
alcohol,don't have so much alcohol,don't have so much alchohol,,,,
alcohol,it was too much alcohol,it was too much alchohol,it was too much alchol,it was too much album,it was too much Aleve,it was too much a album
alcohol,make it stronger,,,,,
alcohol,I like it stronger,I like a stronger,,,,
alcohol,make it stronger next time,make it stronger next times,make it stronger next Time,make it stronger next time I,make it stronger text times,make it stronger text Time
alcohol,should have been stronger,should've in stronger,should be in stronger,should in stronger,should ve in stronger,should have in stronger
alcohol,it should be stronger next time,is the stronger the time,it should be stronger than a time,it should be stronger time,it should be stronger times,it should be stronger the time
alcohol,alcohol,Oracle,alcoholic,alcohols,Atmore AL,
alcohol,there wasn't enough alcohol,there wasn't enough alchohol,alcohol,there wasn't a nut alchohol,there wasn't another alchohol,there wasn't a knot alchohol
alcohol,it wasn't Rana,strong enough,it wasnt Rana,it wasn't Strana,Strana,it wasnt Strana
good,I like that,I like to,I like dat,I like the,I like them,
good,I liked it,I like to,I like today,I like t***,I like it,
good,it was good,it was good for,it was good day,,,
good,good job,good jobs,good Jobs,jobs,job,
good,tasty,tastea,taste,pasty,tasting,
good,it was delicious,delicious,,,,
good,I loved it,I love it,I loved,"I loved it,",I love thee,I love did
good,I like today,I like to,I liked it,I like that,I like to do,
good,perfect,Hurst,hearth,Hearst,hurt,
good,perfect,Perfect,perfect two,perfect ass,perfect 2,
good,is great,great,Great,grate,rate,is grate
bad,I didn't like it,I didn't like,I didn't like it is,,,
bad,it's a,its a,Itza,it sucks,It's A,suck
bad,it was awful,it was awesome,the office,,,
bad,it was terrible,it was a terrible,it was Terrell,terrible,it was Terrible,Terrible
bad,that was gross,that was Groves,what was Groves,that was grouse,that was groves,what was grouse
bad,that was bad,bad,Bad,bade,that was that,Dallas bad
bad,that was horrible,horrible,that was 40,Horrible,oral,that was Horrible
bad,that was bad,that was that,is bad,is that,that was Bad,
bad,that was very bad,that was bad,that was very bad day,bad,that was very Bad,Bad
bad,I didn't like it all,I didn't like it at all,I did like it all,I didn't like a doll,I do not like it all,I do like it all
good,it was amazing,it was amazing I,,,,
good,it was wonderful,is wonderful,it was wonderful day,it was wonderful I,,
good,it was great,it was great day,it was Great,,,
good,unbelievable,,,,,
good,fantastic,fantasticc,Fantastic,Fantasticks,fantasti,
good,fantastic,send text,fantasti,fantasticc,test,
good,great,Great,grapes,rate,grate,
sweetness,it was in Sweden,it wasn sweet,it wasn Suites,it was in Swedish,it wasn't sweet,it wasn suite
sweetness,it was very sweet,it wasn't very sweet,sweet,it was very sweet tea,it wasn't very sweet tea,it was sweet
sweetness,what should have been sweeter,what should have been sweetener,what should have been sweetheart,what should have ended sweeter,should have been a sweeter,what should have been a sweeter
sweetness,it wasn't very sweet,it wasn't very suite,it wasn't very Suites,it wasn't very Suite,it wasn't very sweet tea,
sweetness,it wasn't,it wasn't Sweden,it wasn't me,it wasnt,it wasnt Sweden,it wasnt me
sweetness,it was too sweet,2 suite,it was 2 suite,it was too suite,it was to suite,it was to sweet
sweetness,2 sweet,2 suite,2 Suite,to suite,to sweet,sweet
sweetness,it was too sugary,it was to sugar free,it was too sugar free,,,
sweetness,it was too sugary,Touche,Touche amore,it was too short,sushi,
sweetness,there's too much sugar,,,,,
sweetness,there wasn't enough sugar,there wasn't a no sugar,there wasn't enough Sugar,there wasn't enough suga,there wasn't enough Suga,there wasn't enough to Sugar
sweetness,there wasn't enough sugar,sugar,where was internet Sugar,where was internet suga,there wasn't enough Sugar,there wasn't enough suga
carbonation,it wasn't for the night,it wasn't City,it wasnt City,it wasn't the Dina,it wasn't for the,it wasn't for dinner
carbonation,it wasn't for the enough,it wasn't fuzzy enough,it wasn't fizzy enough,it was Indiana,it wasnt fizzy enough,it wasn't City enough
carbonation,is 250,250,it was to 50,is 252,it was 2:50,is 2:50
carbonation,it was too busy,it was too fizzy,it was to fizzy,it was 250,is 250,it was to 50
carbonation,it wasn't Indiana,it wasn't for Indiana,it wasnt Indiana,it wasn t Indiana,it wasn't fuzzy enough,it wasn't city in us
carbonation,"it wasn't for the end up""",it wasn't for the NFL,it wasn't for the other,it wasn't for the endup,it wasn't for the end of,it wasn't for the end of the
carbonation,it wasn't city in us,it wasn't fuzzy enough,it wasn't for the enough,it wasnt city in us,it wasn city in us,it wasn't City enough
carbonation,it wasn't fuzzy enough,it wasn't for the enough,it wasn't his enough,it wasn't fizy enough,it wasn fizy enough,it wasnt fizy enough
carbonation,it wasn't fizzy enough,it wasnt fizzy enough,it wasn fizzy enough,it wasn't fizy enough,it wasn't fizzy Ana,it wasnt fizy enough
carbonation,it wasn't busy enough,it wasnt busy enough,it wasn busy enough,it wasn't busy and I,it wasn't busy in us,it wasnt busy and I
bitterness,should be more better,what should be more better,should be more wetter,should be more bitter,what should be more wetter,what should be more bitter
bitterness,it wasn't better enough,it wasnt better enough,it wasn better enough,it wasn't better in a,it wasn't veteran,it wasn't that are in a
bitterness,it wasn't there enough,it wasn't bitter. Enough,it wasn't enough,it wasn't that are enough,it wasnt that are enough,wasn't that are enough
bitterness,should have been more better,should have been more wetter,should have been more bitter,Ben Moore bitter,Ben Moore better,should have been more butter
bitterness,it take to to better,it take to 2 better,it take to to banner,it take to to dinner,it take to to bitter,it takes to 2 better
bitterness,is better,better,is bitter,Center,weather,Amazon better
bitterness,2 better,to better,stupider,together,Tudor,
bitterness,is to better,is 2 better,is too bitter,2 better,stupider,is Jupiter
sourness,is to seller,is to self,is to salary,is to cellar,is 27,to seller
sourness,it was really sour,it was really Sauer,it was really Sour,it was really sower,it was released Sauer,power
sourness,it was too sour,it was too sour sauce,it was too sour soup,,,
sourness,who was very sour,who was very Sauer,who was very Sour,who was very sower,who was very hour,who is Varys hour
alcohol,it was too strong,too strong,to Strong,2 Strong,Everest too strong,two Strong
alcohol,it was too strong,it was to Strong,it was too Strong,Strong,it was 20 Strong,
alcohol,there is too much alcohol,where is too much alcohol,there is too much alchohol,where is too much alchohol,,
alcohol,it was really strong,it was released wrong,it was really Strong,who was released wrong,who is released. Wrong,it was released Strong
sourness,it wasn't sour enough,it wasn't Sauer enough,it wasnt sour enough,it wasn't Sour enough,it wasn sour enough,it wasnt Sauer enough
sourness,it wasn't sour enough,it wasn sour enough,it wasn't Sauer enough,it wasnt sour enough,it wasn Sauer enough,it wasn't Sour enough
sourness,should have been more sour,should have been more Sauer,should have been more Sour,should have been more sower,should have been more power,
sourness,I like it more sour,I like it more Sauer,I like it more Sour,I like it more sower,I like it more Schauer,
sourness,it wasn't very sour,it wasn't very Sauer,it wasn't very Sour,it wasn't very sower,Sauer,Sour
sourness,it wasn't very sour,it wasn't very Sauer,it wasn't very Sour,it wasn't very sower,it wasn't Perry's Sauer,it wasn't Perry's Sour
alcohol,it wasn't strong enough,it wasn strong enough,it wasnt strong enough,it was in strong enough,it was a strong enough,it was strong enough
alcohol,it wasn't very strong,it wasn't very Strong,it wasn't married Strong,it wasnt married Strong,,
alcohol,it wasn't very strong,it wasn't very Strong,Strong,it wasn't for Strong,Paris Strong,it was in Paris Strong
alcohol,alcohol,NFL Hall,call,tonight alcohol,listen to know alcohol,listen to nothing at all
alcohol,there wasn't enough alcohol,wasnt enough alcohol,that wasnt enough alcohol,there wasn't a non alcoholic,there wasn't enough alchohol,alcohol
alcohol,that wasn't enough alcohol,there wasn't enough alcohol,that wasnt enough alcohol,alcohol,that wasn't enough alchohol,there wasn't enough alchohol
alcohol,should be more alcohol,should be more alchohol,should be worn alchohol,should be born alchohol,should be one alchohol,should be 1 alchohol
alcohol,strong enough,it was strong enough,it was the strong enough,,,
alcohol,it wasn't strong enough,it wasn strong enough,it wasnt strong enough,it was in strong enough,it was instrumental,it was instrumentals
sweetness,sweet enough,mi sweet enough,m sweet enough,M sweet enough,sweet enough for,mi sweet enough for
sweetness,it wasn't very sweet,it was very sweet,it wasn't very suite,it wasn't very Suite,it wasn't very Suites,it wasn't very sweet tea
sweetness,it wasn't very sweet,it wasn't very suite,it wasn't very Suite,it wasn't very sweet tea,it wasn't very Suites,
sweetness,should be sweeter,,,,,
sweetness,very sweet,very suite,very Suite,very Suites,very sweet tea,very. Suite
sweetness,it was very sweet,it was very suite,it was very sweet tea,,,
sweetness,it was too sweet,is 2 suite,it was too sweetie,it was too suite,is to suite,it was to suite
carbonation,is 250,is 215,is 252,250,is 250 F,
carbonation,is 250,250,is 250 F,is 252,is 250 R,
carbonation,it was too carbonated,it was to carbonated,it was 20 carbonated,it was to carbon dated,,
carbonation,it was too carbonated,it was to carbonated,it was to carbon dated,it was to Carver naked,it was to carbonate,how to carbonate
carbonation,it was very carbonated,it was very carbon dated,,,,
carbonation,very busy,very fizzy,very frizzy,Barry fizzy,is Barry fizzy,very easy
carbonation,it was very busy,it was a very busy,it was very fizzy,it was very frizzy,it was very busy bee,it was very easy
carbonation,it was to bubbly,it was to Bali,is to believe,it was to Buckley,is Tupac really,to believe
carbonation,it was very bubbly,it was very badly,it was very Bali,it was a Republican,Republic,
carbonation,it wasn't enough,it wasn't for the enough,it wasn't 50 enough,it wasnt 50 enough,it wasn't for these enough,it wasn't for the in us
carbonation,should be more 50,should be more fizzy,Bmore fizzy,450,Mr fizzy,engine 450
carbonation,beef is easier,beef is here,Vizio,beef is ear,should be physio,HEB physio
carbonation,it wasn't vizinha,it wasn't visina,it wasn't for the Ana,it wasnt vizinha,it wasn't vizina,it wasnt visina
carbonation,should be more carbonation,,,,,
carbonation,should be more carbonated,should be more carbon dated,,,,
carbonation,it wasn carbonated enough,it wasn't carbonated enough,it wasnt carbonated enough,it wasn carbinated enough,it wasn carbonate enough,it wasn carbonated in us
carbonation,it wasn't 50 enough,2050 enough,it wasn't 50 Ana,it wasnt 50 enough,it wasn 50 enough,2050 Ana
carbonation,it wasn't for the enough,it wasn't 50 enough,it wasn't city in us,it wasnt 50 enough,it wasn't fuzzy enough,it wasnt city in us
carbonation,it was in Atlanta,Atlanta,it wasn't Atlanta,it wasn't man enough,Lana,it wasnt Atlanta
carbonation,it was flat,flat,is flat,Flatt,Platt,it was Platt
carbonation,it tasted flat,tasted flat,it tasted flight,it tasted Flatts,it tasted flats,it tasted Flatt
carbonation,there is no carbonation,there's no combination,there is no carbonation in,,,
creaminess,it wasn t me enough,it wasn t me in a,it wasn't premium,it wasn't premia,it wasn't Premium,it wasn premium
creaminess,it wasn't enough,it wasnt enough,weather in a,it wasn't enough for,it wasn't me enough for,it wasnt me enough for
creaminess,creamy enough,creamy in a,Premium,creamy Indiana,premium,creemee enough
creaminess,it wasn't creamy enough,it wasnt creamy enough,it wasn creamy enough,it wasn't cream,it wasn't creamy Ana,it wasn't creamy in a
creaminess,it wasn't thinking of,it wasn't thinking,it wasn't enough,it wasn't thinking about,it wasn't thinking out,
creaminess,should have been creamier,should have been cream your,should have been cream year,should have been cream near,should have been cream in your,should have been Kreme year
creaminess,what should be creamier,what should be creamy,what should be cream,what should be cream ear,what should be creamy layer,what should be creamy ear
creaminess,is to creamy,is 23 me,creamy,is 23 mean,is to preemie,is too preemie
creaminess,it was too creamy,it was to creamy,it was 23 me,is 23 me,it was too preemie,it was 23 B
creaminess,very creamy,berry creamy,,,,
creaminess,it was too creamy,it was to creamy,it was too Creamery,it was to Creamery,it was too cream,it was to cream
creaminess,23 me,2 creamy,image to creamy,two creamy,to creamy,2k me
carbonation,is infinity enough,is Infiniti enough,it is in fizzy enough,citizen fizzy enough,it isn't fizzy enough,it is in Indiana
carbonation,it's not enough,it's not fair enough,it's not fit in a,its not fit in a,is not fair enough,it's not fit in us
carbonation,should have more carbonation,should have more combination,should have more combinations,should have won combination,should have worn combination,should have known combination
carbonation,the more carbonated,,,,,
alcohol,should be stronger,should be strong,should be a stronger,should be strong odor,,
alcohol,should be stronger,,,,,
sweetness,should be sweeter,what should be sweeter,should be sweetener,what should be sweetener,,
sourness,should be sour,should be Sauer,should be Sour,should be sower,should be Schauer,
sourness,should be more sour,should be more Sauer,should be more Sour,should be more sower,should be more power,should be mark Sauer
sourness,should be more sour,should be more Sauer,should be more Sour,should be more Center,should be more salary,should be Moore salary
sourness,should be more,should be more power,should be more hour,should be more sour,should be worth,
sweetness,sweet,suite,Suite,Sweet,wheat,
sweetness,the more sweet,the more suite,the more Suite,the more Suites,the more Sweet,the MOR suite
sweetness,should be sweeter,,,,,
sweetness,should be more speed,should be more sweet,should be more suite,should be more Suite,should be more Speed,Bmore suite
bitterness,be more better,be more bitter,be more wetter,the Moore bitter,the Moore better,the mower better
bitterness,should be more better,what should be more better,should be more bitter,what should be more bitter,should be more wetter,what should be more wetter
bitterness,what should be less bitter,what should be less better,what should be left better,what should be Lester,what should be Leicester,what should be less than air
bitterness,should be less dinner,should be less bitter,should be left dinner,should be less than ur,should be less Dinner,should be left in ur
bitterness,should be less bitter,should be less better,should be left center,should be left better,should be less Center,should be Lester
sweetness,shouldn't be so sweet,shouldn't be so Suite,shouldn't be so suite,shouldn't be 6 weeks,shouldn't be so sweet I,
sweetness,b****** be so sweet,b****** be so Suite,b****** be so suite,b****** be 6 feet,b****** be so sweet I,
sweetness,should be less sweet,should be less suite,sweet,should be less weed,should be less Suite,should be left sweet
sweetness,should be so sweet,should ve so sweet,should be so Suite,sweet,BCS Sweet,should ve so Suite
sourness,NBC tower,,,,,
sourness,shouldn't be this hour,shouldn't be the sower,shouldn't be the sour,shouldn't be the cellar,shouldn't be this our,
sourness,should be less sour,should be less hour,should be less hours,should be less power,should be less our,should be left hour
carbonation,should be less carbonated,should be left carbonated,should be less carbonator,should be less carbon dated,should be less carbon,should be less carbon in it
carbonation,should be less busy,should be less lazy,should be less lazy eye,should be left at sea,should be less busy bee,
carbonation,should be physio,beef is you,should be fizzy,beef is easier,NBC's you,it's the fizzy
carbonation,should be physio,should be physic,should be fit,should be fizzy,should beef is you,should ve physio
creaminess,should be creamier,should be cream near,should be creamy layer,should be creamy year,should be cream near me,should be creamy your
creaminess,should be more creamy,should be more creamier,,,,
creaminess,should be so creamy,,,,,
creaminess,is to creamy,23 me,is 23 me,to creamy,is to create me,23 mean
creaminess,should be less creamy,should be less clingy,should be less greasy,should be left creamy,should be like screaming,creamy
sourness,should be less sour,should be less power,should be less hours,should be less hour,should be less Power,should be last hour
sourness,should be less sour,should be less hour,should be less hours,should be less power,should be less our,should be left hour
bitterness,should be less bitter,should be less better,should be left better,should be less pitter,should be left fielder,should be left fender
bitterness,what should be less bitter,what should be less better,what should be less butter,what should be left better,what should be less Center,what should be less Banner
bitterness,should be less bitter,should be less better,should be less pitter,should be left better,should be less filter,should be left fielder
sweetness,should be less sweet,should be less Suites,should be less suite,should be less suites,should be left Suites,should be left suite
sweetness,should be less sweet,should be less Suites,should be less week,should be less weed,should be less suite,should be left Suites
alcohol,2 week,is two week,is 2 week,is too big,is to big,is 2 weeks
alcohol,2 week,is two week,is 2 week,two week,is too weak,is 20 week
alcohol,2 week,two week,20 week,2 weeks,two weeks,
alcohol,it was pretty week,it was pretty Week,it was pretty weak,it was pretty weight,it was pretty weeks,
alcohol,it was weak,it was week,it was Week,is weak,week,
